ts_code,hold_ratio,top10_d_r
000001.SZ,67.97,67.97
000002.SZ,72.35,72.35
000004.SZ,61.53,61.53
000005.SZ,30.28,30.28
000006.SZ,43.86,43.86
000007.SZ,44,44
000008.SZ,48.93,48.93
000009.SZ,27.79,27.79
000010.SZ,43.43,43.43
000011.SZ,65.55,65.55
000012.SZ,30.22,30.22
000014.SZ,38.79,38.79
000016.SZ,40.72,40.72
000017.SZ,21.3,21.3
000018.SZ,54.13,54.13
000019.SZ,73.53,73.53
000020.SZ,56.95,56.95
000021.SZ,55.85,55.85
000023.SZ,46.94,46.94
000025.SZ,71.36,71.36
000026.SZ,50.95,50.95
000027.SZ,79.53,79.53
000028.SZ,72.23,72.23
000029.SZ,65.71,65.71
000030.SZ,72.61,72.61
000031.SZ,79.12,79.12
000032.SZ,68.36,68.36
000034.SZ,62.96,62.96
000035.SZ,52.94,52.94
000036.SZ,40.86,40.86
000037.SZ,46.14,46.14
000038.SZ,75.64,75.64
000039.SZ,78.16,78.16
000040.SZ,61.06,61.06
000042.SZ,74.94,74.94
000043.SZ,54.33,54.33
000045.SZ,51.66,51.66
000046.SZ,83.31,83.31
000048.SZ,83.34,83.34
000049.SZ,55.38,55.38
000050.SZ,64.69,64.69
000055.SZ,25.3,25.3
000056.SZ,65.94,65.94
000058.SZ,59.14,59.14
000059.SZ,54.57,54.57
000060.SZ,41.19,41.19
000061.SZ,71.1,71.1
000062.SZ,79.7,79.7
000063.SZ,52.93,52.93
000065.SZ,69.62,69.62
000066.SZ,46.64,46.64
000068.SZ,50.97,50.97
000069.SZ,69.94,69.94
000070.SZ,53.78,53.78
000078.SZ,48.69,48.69
000088.SZ,78.13,78.13
000089.SZ,74.93,74.93
000090.SZ,55.54,55.54
000096.SZ,75,75
000099.SZ,47.64,47.64
000100.SZ,35.01,35.01
000150.SZ,65.28,65.28
000151.SZ,48.16,48.16
000153.SZ,36.46,36.46
000155.SZ,55.72,55.72
000156.SZ,74.32,74.32
000157.SZ,53.79,53.79
000158.SZ,61.95,61.95
000159.SZ,31.55,31.55
000166.SZ,74.35,74.35
000301.SZ,81.87,81.87
000333.SZ,61.66,61.66
000338.SZ,57.93,57.93
000400.SZ,51.71,51.71
000401.SZ,46.21,46.21
000402.SZ,71.17,71.17
000403.SZ,60.86,60.86
000404.SZ,42.14,42.14
000407.SZ,36.46,36.46
000408.SZ,82.89,82.89
000409.SZ,44.51,44.51
000410.SZ,32.41,32.41
000411.SZ,65.69,65.69
000413.SZ,33.64,33.64
000415.SZ,74.65,74.65
000416.SZ,27.11,27.11
000417.SZ,58.38,58.38
000419.SZ,53.04,53.04
000420.SZ,48.5,48.5
000421.SZ,59.55,59.55
000422.SZ,31.93,31.93
000423.SZ,51.15,51.15
000425.SZ,56.56,56.56
000426.SZ,65.86,65.86
000428.SZ,66.32,66.32
000429.SZ,69.6,69.6
000430.SZ,57.11,57.11
000488.SZ,45.56,45.56
000498.SZ,69.43,69.43
000501.SZ,57.9,57.9
000502.SZ,45.4,45.4
000503.SZ,32.6,32.6
000504.SZ,54.5,54.5
000505.SZ,60.01,60.01
000506.SZ,41.41,41.41
000507.SZ,31.32,31.32
000509.SZ,34.92,34.92
000510.SZ,33.29,33.29
000513.SZ,68.84,68.84
000514.SZ,66.77,66.77
000516.SZ,34.17,34.17
000517.SZ,83.8,83.8
000518.SZ,48.89,48.89
000519.SZ,57.98,57.98
000520.SZ,30.13,30.13
000521.SZ,37.27,37.27
000523.SZ,51.86,51.86
000524.SZ,81.23,81.23
000525.SZ,71.1,71.1
000526.SZ,48.11,48.11
000528.SZ,44.21,44.21
000529.SZ,58.97,58.97
000530.SZ,32.49,32.49
000531.SZ,65.69,65.69
000532.SZ,51.1,51.1
000533.SZ,45.53,45.53
000534.SZ,65.21,65.21
000536.SZ,64.47,64.47
000537.SZ,82.67,82.67
000538.SZ,77.75,77.75
000539.SZ,76.67,76.67
000540.SZ,54.9,54.9
000541.SZ,43.48,43.48
000543.SZ,55.64,55.64
000544.SZ,80,80
000545.SZ,42.64,42.64
000546.SZ,61.19,61.19
000547.SZ,42.87,42.87
000548.SZ,36.16,36.16
000550.SZ,81.69,81.69
000551.SZ,50.369,50.369
000552.SZ,68.63,68.63
000553.SZ,83.7,83.7
000554.SZ,32.19,32.19
000555.SZ,66.02,66.02
000557.SZ,61.57,61.57
000558.SZ,55.96,55.96
000559.SZ,66.8,66.8
000560.SZ,56.7,56.7
000561.SZ,56.65,56.65
000563.SZ,61.3,61.3
000564.SZ,56.98,56.98
000565.SZ,44.45,44.45
000566.SZ,54.03,54.03
000567.SZ,77.27,77.27
000568.SZ,63.62,63.62
000570.SZ,32.85,32.85
000571.SZ,25.23,25.23
000572.SZ,50.13,50.13
000573.SZ,29.67,29.67
000576.SZ,54,54
000581.SZ,50.52,50.52
000582.SZ,88.09,88.09
000584.SZ,48.22,48.22
000585.SZ,42.99,42.99
000586.SZ,46.69,46.69
000587.SZ,63.49,63.49
000589.SZ,29.5,29.5
000590.SZ,52.54,52.54
000591.SZ,52.2,52.2
000592.SZ,34.66,34.66
000593.SZ,53.35,53.35
000595.SZ,54.61,54.61
000596.SZ,68.93,68.93
000597.SZ,58.1,58.1
000598.SZ,48.59,48.59
000599.SZ,48.2,48.2
000600.SZ,74.95,74.95
000601.SZ,48.42,48.42
000603.SZ,63.46,63.46
000605.SZ,64.58,64.58
000606.SZ,54.18,54.18
000607.SZ,65.37,65.37
000608.SZ,62.37,62.37
000609.SZ,37.6,37.6
000610.SZ,30.61,30.61
000611.SZ,20.94,20.94
000612.SZ,64.48,64.48
000613.SZ,35.67,35.67
000615.SZ,56.62,56.62
000616.SZ,28.7,28.7
000617.SZ,94.03,94.03
000619.SZ,41.68,41.68
000620.SZ,80.54,80.54
000622.SZ,46.6,46.6
000623.SZ,45.17,45.17
000625.SZ,53.11,53.11
000626.SZ,67.51,67.51
000627.SZ,78.17,78.17
000628.SZ,51.81,51.81
000629.SZ,62.94,62.94
000630.SZ,48.62,48.62
000631.SZ,78.89,78.89
000632.SZ,70.04,70.04
000633.SZ,41.09,41.09
000635.SZ,61.19,61.19
000636.SZ,25.82,25.82
000637.SZ,47.28,47.28
000638.SZ,45.37,45.37
000639.SZ,68.76,68.76
000650.SZ,44.13,44.13
000651.SZ,48.2,48.2
000652.SZ,38.41,38.41
000655.SZ,62.08,62.08
000656.SZ,66.97,66.97
000657.SZ,66.76,66.76
000659.SZ,31.53,31.53
000661.SZ,34.26,34.26
000662.SZ,74.34,74.34
000663.SZ,62.64,62.64
000665.SZ,61.43,61.43
000666.SZ,62.71,62.71
000667.SZ,31.8,31.8
000668.SZ,51.42,51.42
000669.SZ,53,53
000670.SZ,33.37,33.37
000671.SZ,70.05,70.05
000672.SZ,66.91,66.91
000673.SZ,56.14,56.14
000676.SZ,62.84,62.84
000677.SZ,37.11,37.11
000678.SZ,57.1,57.1
000679.SZ,37.52,37.52
000680.SZ,34.54,34.54
000681.SZ,59.66,59.66
000682.SZ,44.75,44.75
000683.SZ,44.76,44.76
000685.SZ,66.66,66.66
000686.SZ,54.01,54.01
000687.SZ,50.53,50.53
000688.SZ,77.62,77.62
000690.SZ,41.77,41.77
000691.SZ,35.59,35.59
000692.SZ,39.13,39.13
000695.SZ,47.79,47.79
000697.SZ,43.57,43.57
000698.SZ,49.13,49.13
000700.SZ,46.5,46.5
000701.SZ,36.49,36.49
000702.SZ,42.61,42.61
000703.SZ,64.96,64.96
000705.SZ,30.37,30.37
000707.SZ,30.84,30.84
000708.SZ,65.16,65.16
000709.SZ,67.39,67.39
000710.SZ,74.34,74.34
000711.SZ,65.2,65.2
000712.SZ,53.44,53.44
000713.SZ,39.18,39.18
000715.SZ,70.39,70.39
000716.SZ,51.2,51.2
000717.SZ,58.38,58.38
000718.SZ,64.27,64.27
000719.SZ,86.46,86.46
000720.SZ,50.45,50.45
000721.SZ,35.87,35.87
000722.SZ,62.88,62.88
000723.SZ,80.28,80.28
000725.SZ,35.97,35.97
000726.SZ,41.69,41.69
000727.SZ,51.53,51.53
000728.SZ,62.15,62.15
000729.SZ,70.9,70.9
000731.SZ,31.35,31.35
000732.SZ,75.7,75.7
000733.SZ,48.99,48.99
000735.SZ,26.17,26.17
000736.SZ,77.12,77.12
000737.SZ,34.54,34.54
000738.SZ,65.91,65.91
000739.SZ,58.95,58.95
000750.SZ,46.94,46.94
000751.SZ,26.33,26.33
000752.SZ,39.78,39.78
000753.SZ,43.11,43.11
000755.SZ,39.14,39.14
000756.SZ,73.15,73.15
000757.SZ,41.25,41.25
000758.SZ,46.15,46.15
000759.SZ,75.42,75.42
000760.SZ,42.83,42.83
000761.SZ,80.66,80.66
000762.SZ,33.67,33.67
000766.SZ,63.57,63.57
000767.SZ,68.66,68.66
000768.SZ,64.54,64.54
000776.SZ,75.48,75.48
000777.SZ,32.12,32.12
000778.SZ,51.38,51.38
000779.SZ,72.77,72.77
000780.SZ,65.94,65.94
000782.SZ,41.46,41.46
000783.SZ,52.45,52.45
000785.SZ,47.89,47.89
000786.SZ,62.09,62.09
000788.SZ,47.29,47.29
000789.SZ,59.73,59.73
000790.SZ,29.92,29.92
000791.SZ,69.15,69.15
000792.SZ,62,62
000793.SZ,35.49,35.49
000795.SZ,56.67,56.67
000796.SZ,72.89,72.89
000797.SZ,61.89,61.89
000798.SZ,67.19,67.19
000799.SZ,37.5,37.5
000800.SZ,60.67,60.67
000801.SZ,55.63,55.63
000802.SZ,64.6,64.6
000803.SZ,65.19,65.19
000806.SZ,49.79,49.79
000807.SZ,47.6,47.6
000809.SZ,43.34,43.34
000810.SZ,72.33,72.33
000811.SZ,52.38,52.38
000812.SZ,39.05,39.05
000813.SZ,76.25,76.25
000815.SZ,68.77,68.77
000816.SZ,29.89,29.89
000818.SZ,43.35,43.35
000819.SZ,41.64,41.64
000820.SZ,63.78,63.78
000821.SZ,53.85,53.85
000822.SZ,46.37,46.37
000823.SZ,36.51,36.51
000825.SZ,67.63,67.63
000826.SZ,54.23,54.23
000828.SZ,73.69,73.69
000829.SZ,59.19,59.19
000830.SZ,40.83,40.83
000831.SZ,45.94,45.94
000833.SZ,59.11,59.11
000835.SZ,35.65,35.65
000836.SZ,29.4,29.4
000837.SZ,38.49,38.49
000838.SZ,63.49,63.49
000839.SZ,40.7242,40.7242
000848.SZ,61.95,61.95
000850.SZ,50.39,50.39
000851.SZ,21.46,21.46
000852.SZ,65.67,65.67
000856.SZ,33.26,33.26
000858.SZ,70.34,70.34
000859.SZ,29.35,29.35
000860.SZ,57.9,57.9
000861.SZ,61.56,61.56
000862.SZ,42.72,42.72
000863.SZ,65.82,65.82
000868.SZ,44.05,44.05
000869.SZ,62.71,62.71
000875.SZ,38.52,38.52
000876.SZ,69.43,69.43
000877.SZ,52,52
000878.SZ,57.4,57.4
000880.SZ,62.81,62.81
000881.SZ,62.56,62.56
000882.SZ,48.67,48.67
000883.SZ,84.49,84.49
000885.SZ,69.13,69.13
000886.SZ,30.32,30.32
000887.SZ,57.53,57.53
000888.SZ,52.03,52.03
000889.SZ,73.79,73.79
000890.SZ,43.12,43.12
000892.SZ,45.8,45.8
000893.SZ,68.33,68.33
000895.SZ,80.96,80.96
000897.SZ,34.52,34.52
000898.SZ,85.23,85.23
000899.SZ,75.55,75.55
000900.SZ,47.4,47.4
000901.SZ,42.83,42.83
000902.SZ,62.98,62.98
000903.SZ,44.82,44.82
000905.SZ,56.89,56.89
000906.SZ,62.29,62.29
000908.SZ,53.35,53.35
000909.SZ,52.49,52.49
000910.SZ,58.87,58.87
000911.SZ,49.24,49.24
000912.SZ,65.69,65.69
000913.SZ,57.92,57.92
000915.SZ,32.77,32.77
000917.SZ,23.83,23.83
000918.SZ,73.01,73.01
000919.SZ,61.59,61.59
000920.SZ,50.18,50.18
000921.SZ,83.16,83.16
000922.SZ,47.63,47.63
000923.SZ,79.36,79.36
000925.SZ,34.46,34.46
000926.SZ,34.65,34.65
000927.SZ,68.7,68.7
000928.SZ,62.14,62.14
000929.SZ,43.22,43.22
000930.SZ,61.36,61.36
000931.SZ,44.49,44.49
000932.SZ,68.42,68.42
000933.SZ,48.51,48.51
000935.SZ,71.73,71.73
000936.SZ,51.02,51.02
000937.SZ,75.09,75.09
000938.SZ,86.44,86.44
000948.SZ,42.29,42.29
000949.SZ,59.52,59.52
000950.SZ,81.74,81.74
000951.SZ,78.67,78.67
000952.SZ,28.81,28.81
000953.SZ,48.37,48.37
000955.SZ,29.85,29.85
000957.SZ,45.29,45.29
000958.SZ,41.39,41.39
000959.SZ,88.49,88.49
000960.SZ,54.13,54.13
000961.SZ,66.16,66.16
000962.SZ,51.62,51.62
000963.SZ,68.57,68.57
000965.SZ,56.02,56.02
000966.SZ,54.5,54.5
000967.SZ,79.72,79.72
000968.SZ,75.21,75.21
000969.SZ,50.2,50.2
000970.SZ,36.91,36.91
000971.SZ,56.2,56.2
000972.SZ,51.64,51.64
000973.SZ,28.65,28.65
000975.SZ,60.71,60.71
000976.SZ,66.36,66.36
000977.SZ,42.31,42.31
000978.SZ,39.81,39.81
000980.SZ,68.23,68.23
000981.SZ,82.72,82.72
000982.SZ,51.59,51.59
000983.SZ,61.83,61.83
000985.SZ,69.22,69.22
000987.SZ,87.88,87.88
000988.SZ,43.01,43.01
000989.SZ,70.02,70.02
000990.SZ,81.26,81.26
000993.SZ,63.87,63.87
000996.SZ,23.82,23.82
000997.SZ,42.15,42.15
000998.SZ,38.96,38.96
000999.SZ,83.73,83.73
001696.SZ,44.1,44.1
001872.SZ,90.75,90.75
001896.SZ,68.2,68.2
001965.SZ,94.92,94.92
001979.SZ,77.57,77.57
002001.SZ,60.52,60.52
002002.SZ,59.27,59.27
002003.SZ,52.92,52.92
002004.SZ,43.45,43.45
002005.SZ,46.2,46.2
002006.SZ,42.96,42.96
002007.SZ,60.52,60.52
002008.SZ,50.93,50.93
002009.SZ,38.68,38.68
002010.SZ,79.46,79.46
002011.SZ,49.04,49.04
002012.SZ,28.11,28.11
002013.SZ,64.82,64.82
002014.SZ,72.6,72.6
002015.SZ,42.7,42.7
002016.SZ,76.19,76.19
002017.SZ,48.18,48.18
002018.SZ,62.34,62.34
002019.SZ,53.19,53.19
002020.SZ,47.99,47.99
002021.SZ,45.91,45.91
002022.SZ,37.29,37.29
002023.SZ,33.74,33.74
002024.SZ,71.62,71.62
002025.SZ,59.51,59.51
002026.SZ,48.82,48.82
002027.SZ,47.03,47.03
002028.SZ,57,57
002029.SZ,55.25,55.25
002030.SZ,45.06,45.06
002031.SZ,35.93,35.93
002032.SZ,91.67,91.67
002033.SZ,49.21,49.21
002034.SZ,71.57,71.57
002035.SZ,39.4,39.4
002036.SZ,42.95,42.95
002037.SZ,60.64,60.64
002038.SZ,49.67,49.67
002039.SZ,44.58,44.58
002040.SZ,71.13,71.13
002041.SZ,68.05,68.05
002042.SZ,65.53,65.53
002043.SZ,47.31,47.31
002044.SZ,46.39,46.39
002045.SZ,35.57,35.57
002046.SZ,68.75,68.75
002047.SZ,53.7,53.7
002048.SZ,45.13,45.13
002049.SZ,47.29,47.29
002050.SZ,70.7,70.7
002051.SZ,64.94,64.94
002052.SZ,30.99,30.99
002053.SZ,82.49,82.49
002054.SZ,52.8,52.8
002055.SZ,47.72,47.72
002056.SZ,61.6,61.6
002057.SZ,50.93,50.93
002058.SZ,56.15,56.15
002059.SZ,73.73,73.73
002060.SZ,39.78,39.78
002061.SZ,80.03,80.03
002062.SZ,66.52,66.52
002063.SZ,37.16,37.16
002064.SZ,57.13,57.13
002065.SZ,49.01,49.01
002066.SZ,45.61,45.61
002067.SZ,19.37,19.37
002068.SZ,56.22,56.22
002069.SZ,59.78,59.78
002071.SZ,52.09,52.09
002072.SZ,25.26,25.26
002073.SZ,30.79,30.79
002074.SZ,48.89,48.89
002075.SZ,55.7,55.7
002076.SZ,50.49,50.49
002077.SZ,63.76,63.76
002078.SZ,57.05,57.05
002079.SZ,42.3,42.3
002080.SZ,80.26,80.26
002081.SZ,59.23,59.23
002082.SZ,36.45,36.45
002083.SZ,42.37,42.37
002084.SZ,58.14,58.14
002085.SZ,72.97,72.97
002086.SZ,48.8,48.8
002087.SZ,35.86,35.86
002088.SZ,55.74,55.74
002089.SZ,42.92,42.92
002090.SZ,54.9,54.9
002091.SZ,55.82,55.82
002092.SZ,46.86,46.86
002093.SZ,63.13,63.13
002094.SZ,48.67,48.67
002095.SZ,60.52,60.52
002096.SZ,71.15,71.15
002097.SZ,47.06,47.06
002098.SZ,59.99,59.99
002099.SZ,51.01,51.01
002100.SZ,63.98,63.98
002101.SZ,62.76,62.76
002102.SZ,46.88,46.88
002103.SZ,57.78,57.78
002104.SZ,28.26,28.26
002105.SZ,53.73,53.73
002106.SZ,33.58,33.58
002107.SZ,56.59,56.59
002108.SZ,40.97,40.97
002109.SZ,71.19,71.19
002110.SZ,67.94,67.94
002111.SZ,57.07,57.07
002112.SZ,40.41,40.41
002113.SZ,57.47,57.47
002114.SZ,60.6108,60.6108
002115.SZ,41.1,41.1
002116.SZ,70.14,70.14
002117.SZ,46.83,46.83
002118.SZ,65.15,65.15
002119.SZ,60.54,60.54
002120.SZ,81.94,81.94
002121.SZ,59.16,59.16
002122.SZ,55.86,55.86
002123.SZ,46.12,46.12
002124.SZ,54.54,54.54
002125.SZ,62.03,62.03
002126.SZ,35.61,35.61
002127.SZ,48.37,48.37
002128.SZ,69.92,69.92
002129.SZ,45.57,45.57
002130.SZ,39.02,39.02
002131.SZ,38.86,38.86
002132.SZ,46.13,46.13
002133.SZ,36.69,36.69
002134.SZ,56.62,56.62
002135.SZ,62.45,62.45
002136.SZ,47.68,47.68
002137.SZ,61.74,61.74
002138.SZ,37.44,37.44
002139.SZ,38.03,38.03
002140.SZ,66.28,66.28
002141.SZ,61.22,61.22
002142.SZ,72.01,72.01
002143.SZ,83.3,83.3
002144.SZ,38.79,38.79
002145.SZ,48.02,48.02
002146.SZ,68.2,68.2
002147.SZ,80.28,80.28
002148.SZ,30.26,30.26
002149.SZ,45.96,45.96
002150.SZ,62.21,62.21
002151.SZ,54.17,54.17
002152.SZ,63.99,63.99
002153.SZ,80.5,80.5
002154.SZ,39.35,39.35
002155.SZ,49.26,49.26
002156.SZ,62.97,62.97
002157.SZ,52.74,52.74
002158.SZ,62.89,62.89
002159.SZ,49.88,49.88
002160.SZ,60.33,60.33
002161.SZ,32.82,32.82
002162.SZ,61.66,61.66
002163.SZ,37.68,37.68
002164.SZ,61.97,61.97
002165.SZ,47.27,47.27
002166.SZ,50.91,50.91
002167.SZ,36.37,36.37
002168.SZ,36.99,36.99
002169.SZ,32.71,32.71
002170.SZ,48.2,48.2
002171.SZ,56.5,56.5
002172.SZ,60.23,60.23
002173.SZ,61.15,61.15
002174.SZ,60.72,60.72
002175.SZ,34.6,34.6
002176.SZ,32.4,32.4
002177.SZ,22.93,22.93
002178.SZ,42.9,42.9
002179.SZ,64.36,64.36
002180.SZ,74.88,74.88
002181.SZ,71.42,71.42
002182.SZ,42.78,42.78
002183.SZ,45.54,45.54
002184.SZ,57.24,57.24
002185.SZ,32.1,32.1
002186.SZ,58.19,58.19
002187.SZ,65.86,65.86
002188.SZ,53.39,53.39
002189.SZ,60.73,60.73
002190.SZ,56.82,56.82
002191.SZ,51.5,51.5
002192.SZ,40.7,40.7
002193.SZ,65.64,65.64
002194.SZ,69.67,69.67
002195.SZ,34.34,34.34
002196.SZ,42.76,42.76
002197.SZ,39.48,39.48
002198.SZ,37.68,37.68
002199.SZ,50.64,50.64
002200.SZ,53.31,53.31
002201.SZ,56.38,56.38
002202.SZ,63.77,63.77
002203.SZ,76.42,76.42
002204.SZ,73.75,73.75
002205.SZ,43.4,43.4
002206.SZ,49.36,49.36
002207.SZ,33.58,33.58
002208.SZ,60.56,60.56
002209.SZ,52.29,52.29
002210.SZ,71.67,71.67
002211.SZ,43.93,43.93
002212.SZ,56.44,56.44
002213.SZ,45.84,45.84
002214.SZ,40.08,40.08
002215.SZ,54.55,54.55
002216.SZ,68.84,68.84
002217.SZ,51.83,51.83
002218.SZ,49.03,49.03
002219.SZ,63.11,63.11
002220.SZ,58.35,58.35
002221.SZ,54.06,54.06
002222.SZ,31.64,31.64
002223.SZ,57.65,57.65
002224.SZ,42,42
002225.SZ,50.7,50.7
002226.SZ,63.37,63.37
002227.SZ,67.25,67.25
002228.SZ,57.75,57.75
002229.SZ,36.51,36.51
002230.SZ,34.15,34.15
002231.SZ,51.44,51.44
002232.SZ,60.05,60.05
002233.SZ,57.07,57.07
002234.SZ,50.66,50.66
002235.SZ,42.19,42.19
002236.SZ,54.73,54.73
002237.SZ,53.71,53.71
002238.SZ,79.1,79.1
002239.SZ,67.38,67.38
002240.SZ,45.52,45.52
002241.SZ,52.92,52.92
002242.SZ,76.24,76.24
002243.SZ,57.29,57.29
002244.SZ,72.06,72.06
002245.SZ,42.46,42.46
002246.SZ,65.06,65.06
002247.SZ,51.72,51.72
002248.SZ,34.49,34.49
002249.SZ,57.65,57.65
002250.SZ,42.77,42.77
002251.SZ,69.66,69.66
002252.SZ,77.7,77.7
002253.SZ,35.31,35.31
002254.SZ,45.15,45.15
002255.SZ,46.88,46.88
002256.SZ,57.18,57.18
002258.SZ,60.31,60.31
002259.SZ,34.67,34.67
002261.SZ,45.64,45.64
002262.SZ,57.31,57.31
002263.SZ,32.08,32.08
002264.SZ,61.21,61.21
002265.SZ,65.28,65.28
002266.SZ,34.54,34.54
002267.SZ,74.46,74.46
002268.SZ,59.42,59.42
002269.SZ,82.66,82.66
002270.SZ,63.35,63.35
002271.SZ,51.07,51.07
002272.SZ,42.34,42.34
002273.SZ,34.73,34.73
002274.SZ,59.22,59.22
002275.SZ,78.75,78.75
002276.SZ,43.16,43.16
002277.SZ,45.05,45.05
002278.SZ,47.15,47.15
002279.SZ,58.63,58.63
002280.SZ,53.67,53.67
002281.SZ,54.13,54.13
002282.SZ,62.2,62.2
002283.SZ,39.8,39.8
002284.SZ,50.18,50.18
002285.SZ,65.53,65.53
002286.SZ,51.04,51.04
002287.SZ,91.99,91.99
002288.SZ,45.88,45.88
002289.SZ,35.51,35.51
002290.SZ,62.32,62.32
002291.SZ,63.57,63.57
002292.SZ,62.8,62.8
002293.SZ,64.62,64.62
002294.SZ,73.96,73.96
002295.SZ,52.98,52.98
002296.SZ,31.43,31.43
002297.SZ,43.94,43.94
002298.SZ,47.74,47.74
002299.SZ,72.67,72.67
002300.SZ,64.66,64.66
002301.SZ,72.72,72.72
002302.SZ,66.53,66.53
002303.SZ,65.78,65.78
002304.SZ,80.09,80.09
002305.SZ,65.48,65.48
002306.SZ,30.16,30.16
002307.SZ,50.78,50.78
002308.SZ,45,45
002309.SZ,62.93,62.93
002310.SZ,57.49,57.49
002311.SZ,69.72,69.72
002312.SZ,32.52,32.52
002313.SZ,52.28,52.28
002314.SZ,76.62,76.62
002315.SZ,64.36,64.36
002316.SZ,50.64,50.64
002317.SZ,43.43,43.43
002318.SZ,48.77,48.77
002319.SZ,38.26,38.26
002320.SZ,75.09,75.09
002321.SZ,47.66,47.66
002322.SZ,51.98,51.98
002323.SZ,76.87,76.87
002324.SZ,67.7,67.7
002325.SZ,43.7,43.7
002326.SZ,51.18,51.18
002327.SZ,60.25,60.25
002328.SZ,41.94,41.94
002329.SZ,47.91,47.91
002330.SZ,76.56,76.56
002331.SZ,39.72,39.72
002332.SZ,41.96,41.96
002333.SZ,72.09,72.09
002334.SZ,35.05,35.05
002335.SZ,62.75,62.75
002336.SZ,77.64,77.64
002337.SZ,38.15,38.15
002338.SZ,57.03,57.03
002339.SZ,35.7,35.7
002340.SZ,28.72,28.72
002341.SZ,48.94,48.94
002342.SZ,38.81,38.81
002343.SZ,37.71,37.71
002344.SZ,61.52,61.52
002345.SZ,61.6,61.6
002346.SZ,82.52,82.52
002347.SZ,44.44,44.44
002348.SZ,54.06,54.06
002349.SZ,73.69,73.69
002350.SZ,53.72,53.72
002351.SZ,70.14,70.14
002352.SZ,92.03,92.03
002353.SZ,64.49,64.49
002354.SZ,47.25,47.25
002355.SZ,49.01,49.01
002356.SZ,73.85,73.85
002357.SZ,52.18,52.18
002358.SZ,61.6,61.6
002359.SZ,63.56,63.56
002360.SZ,39.36,39.36
002361.SZ,43.03,43.03
002362.SZ,41.24,41.24
002363.SZ,52.92,52.92
002364.SZ,54.52,54.52
002365.SZ,32.75,32.75
002366.SZ,60.07,60.07
002367.SZ,53.88,53.88
002368.SZ,52.52,52.52
002369.SZ,34.8,34.8
002370.SZ,60.69,60.69
002371.SZ,65.28,65.28
002372.SZ,74.53,74.53
002373.SZ,57.74,57.74
002374.SZ,41.26,41.26
002375.SZ,58.93,58.93
002376.SZ,42.98,42.98
002377.SZ,69.27,69.27
002378.SZ,73.13,73.13
002379.SZ,38.47,38.47
002380.SZ,59.49,59.49
002381.SZ,57.34,57.34
002382.SZ,77.05,77.05
002383.SZ,54.31,54.31
002384.SZ,52.54,52.54
002385.SZ,55.07,55.07
002386.SZ,49.1,49.1
002387.SZ,77.5,77.5
002388.SZ,67,67
002389.SZ,62.69,62.69
002390.SZ,51.85,51.85
002391.SZ,64.05,64.05
002392.SZ,42.64,42.64
002393.SZ,56.93,56.93
002394.SZ,51.32,51.32
002395.SZ,77.38,77.38
002396.SZ,51.69,51.69
002397.SZ,68.44,68.44
002398.SZ,40.39,40.39
002399.SZ,81.73,81.73
002400.SZ,29.26,29.26
002401.SZ,58.21,58.21
002402.SZ,39.11,39.11
002403.SZ,63.93,63.93
002404.SZ,52.27,52.27
002405.SZ,35.57,35.57
002406.SZ,42.89,42.89
002407.SZ,25.29,25.29
002408.SZ,64.09,64.09
002409.SZ,70.98,70.98
002410.SZ,52.39,52.39
002411.SZ,83.39,83.39
002412.SZ,66.54,66.54
002413.SZ,40.31,40.31
002414.SZ,74.35,74.35
002415.SZ,74.72,74.72
002416.SZ,84.8,84.8
002417.SZ,52.55,52.55
002418.SZ,56.88,56.88
002419.SZ,77.78,77.78
002420.SZ,37.52,37.52
002421.SZ,41.95,41.95
002422.SZ,50.73,50.73
002423.SZ,94.5,94.5
002424.SZ,73.49,73.49
002425.SZ,47.54,47.54
002426.SZ,54.44,54.44
002427.SZ,67.05,67.05
002428.SZ,33.76,33.76
002429.SZ,70.28,70.28
002430.SZ,73.89,73.89
002431.SZ,42.33,42.33
002432.SZ,42.87,42.87
002433.SZ,44.79,44.79
002434.SZ,69.89,69.89
002435.SZ,74.56,74.56
002436.SZ,52.26,52.26
002437.SZ,67.31,67.31
002438.SZ,53.55,53.55
002439.SZ,46.09,46.09
002440.SZ,53.89,53.89
002441.SZ,59.93,59.93
002442.SZ,67.39,67.39
002443.SZ,35.54,35.54
002444.SZ,60.48,60.48
002445.SZ,56.71,56.71
002446.SZ,42.58,42.58
002447.SZ,35.7,35.7
002448.SZ,29.32,29.32
002449.SZ,38.66,38.66
002450.SZ,43.47,43.47
002451.SZ,65.07,65.07
002452.SZ,40.11,40.11
002453.SZ,39.92,39.92
002454.SZ,57.6,57.6
002455.SZ,50.67,50.67
002456.SZ,39.13,39.13
002457.SZ,36.94,36.94
002458.SZ,54.97,54.97
002459.SZ,48.28,48.28
002460.SZ,48.89,48.89
002461.SZ,87.79,87.79
002462.SZ,38.55,38.55
002463.SZ,46.82,46.82
002464.SZ,53.77,53.77
002465.SZ,42.14,42.14
002466.SZ,49.68,49.68
002467.SZ,35.31,35.31
002468.SZ,79.22,79.22
002469.SZ,34.84,34.84
002470.SZ,68.61,68.61
002471.SZ,38.95,38.95
002472.SZ,48.07,48.07
002473.SZ,61.4,61.4
002474.SZ,34.92,34.92
002475.SZ,61.64,61.64
002476.SZ,32.9,32.9
002477.SZ,52.85,52.85
002478.SZ,55.95,55.95
002479.SZ,52.18,52.18
002480.SZ,43.36,43.36
002481.SZ,61.27,61.27
002482.SZ,73.56,73.56
002483.SZ,60.04,60.04
002484.SZ,52.35,52.35
002485.SZ,72.29,72.29
002486.SZ,32.04,32.04
002487.SZ,57.14,57.14
002488.SZ,47.44,47.44
002489.SZ,62.76,62.76
002490.SZ,71.38,71.38
002491.SZ,50.09,50.09
002492.SZ,53.99,53.99
002493.SZ,85.24,85.24
002494.SZ,38.47,38.47
002495.SZ,47.28,47.28
002496.SZ,52.41,52.41
002497.SZ,26.89,26.89
002498.SZ,70.53,70.53
002499.SZ,49.02,49.02
002500.SZ,54.7,54.7
002501.SZ,37.68,37.68
002502.SZ,49.16,49.16
002503.SZ,72.54,72.54
002504.SZ,61.97,61.97
002505.SZ,69.2,69.2
002506.SZ,67.26,67.26
002507.SZ,63.26,63.26
002508.SZ,67.35,67.35
002509.SZ,50.69,50.69
002510.SZ,24.98,24.98
002511.SZ,61.57,61.57
002512.SZ,62.79,62.79
002513.SZ,67.15,67.15
002514.SZ,55.79,55.79
002515.SZ,64.62,64.62
002516.SZ,58.57,58.57
002517.SZ,59.97,59.97
002518.SZ,71.66,71.66
002519.SZ,50.06,50.06
002520.SZ,72.32,72.32
002521.SZ,31.07,31.07
002522.SZ,54.94,54.94
002523.SZ,46.72,46.72
002524.SZ,38.58,38.58
002526.SZ,34.9,34.9
002527.SZ,51.27,51.27
002528.SZ,69.47,69.47
002529.SZ,55.51,55.51
002530.SZ,70.4,70.4
002531.SZ,64.35,64.35
002532.SZ,62.72,62.72
002533.SZ,38.58,38.58
002534.SZ,77.64,77.64
002535.SZ,43.1,43.1
002536.SZ,51.69,51.69
002537.SZ,71.85,71.85
002538.SZ,47.37,47.37
002539.SZ,66.92,66.92
002540.SZ,63.32,63.32
002541.SZ,56.22,56.22
002542.SZ,66.24,66.24
002543.SZ,81.68,81.68
002544.SZ,55.08,55.08
002545.SZ,83.8,83.8
002546.SZ,57.78,57.78
002547.SZ,48.52,48.52
002548.SZ,57.38,57.38
002549.SZ,73.92,73.92
002550.SZ,42.88,42.88
002551.SZ,56.85,56.85
002552.SZ,75.85,75.85
002553.SZ,54.22,54.22
002554.SZ,37.52,37.52
002555.SZ,65,65
002556.SZ,47.96,47.96
002557.SZ,65.14,65.14
002558.SZ,83.4,83.4
002559.SZ,32.12,32.12
002560.SZ,57,57
002561.SZ,52.4,52.4
002562.SZ,56.57,56.57
002563.SZ,81.23,81.23
002564.SZ,48.6,48.6
002565.SZ,49,49
002566.SZ,51.38,51.38
002567.SZ,56.83,56.83
002568.SZ,67.57,67.57
002569.SZ,53.35,53.35
002570.SZ,59.84,59.84
002571.SZ,56.13,56.13
002572.SZ,59.45,59.45
002573.SZ,56.7,56.7
002574.SZ,56.42,56.42
002575.SZ,49.17,49.17
002576.SZ,44.23,44.23
002577.SZ,64.79,64.79
002578.SZ,59.12,59.12
002579.SZ,59.339,59.339
002580.SZ,23.33,23.33
002581.SZ,60.03,60.03
002582.SZ,57.72,57.72
002583.SZ,71.13,71.13
002584.SZ,54.76,54.76
002585.SZ,51.37,51.37
002586.SZ,63.74,63.74
002587.SZ,51.64,51.64
002588.SZ,65.8,65.8
002589.SZ,53.29,53.29
002590.SZ,61.24,61.24
002591.SZ,59.72,59.72
002592.SZ,61.23,61.23
002593.SZ,60.24,60.24
002594.SZ,78.56,78.56
002595.SZ,66.11,66.11
002596.SZ,58.3,58.3
002597.SZ,57.01,57.01
002598.SZ,53.05,53.05
002599.SZ,62.61,62.61
002600.SZ,78.31,78.31
002601.SZ,73.37,73.37
002602.SZ,76.49,76.49
002603.SZ,64.65,64.65
002605.SZ,71.34,71.34
002606.SZ,35.22,35.22
002607.SZ,88.51,88.51
002608.SZ,91.58,91.58
002609.SZ,65.61,65.61
002610.SZ,31.87,31.87
002611.SZ,55.54,55.54
002612.SZ,70.42,70.42
002613.SZ,65.77,65.77
002614.SZ,73.13,73.13
002615.SZ,67.22,67.22
002616.SZ,71.81,71.81
002617.SZ,59.28,59.28
002618.SZ,45.22,45.22
002619.SZ,53.24,53.24
002620.SZ,56.23,56.23
002621.SZ,66.13,66.13
002622.SZ,34.92,34.92
002623.SZ,58.75,58.75
002624.SZ,76.7,76.7
002625.SZ,83.64,83.64
002626.SZ,74.06,74.06
002627.SZ,53.66,53.66
002628.SZ,48.33,48.33
002629.SZ,28.21,28.21
002630.SZ,32.33,32.33
002631.SZ,65.96,65.96
002632.SZ,62.76,62.76
002633.SZ,63.11,63.11
002634.SZ,59.74,59.74
002635.SZ,64.31,64.31
002636.SZ,70.41,70.41
002637.SZ,51.66,51.66
002638.SZ,54.78,54.78
002639.SZ,43.74,43.74
002640.SZ,54.06,54.06
002641.SZ,75.18,75.18
002642.SZ,47.38,47.38
002643.SZ,53.64,53.64
002644.SZ,65.77,65.77
002645.SZ,75.61,75.61
002646.SZ,75.19,75.19
002647.SZ,74.18,74.18
002648.SZ,72.97,72.97
002649.SZ,33.45,33.45
002650.SZ,45.09,45.09
002651.SZ,80.04,80.04
002652.SZ,69.22,69.22
002653.SZ,86.44,86.44
002654.SZ,48.72,48.72
002655.SZ,30.34,30.34
002656.SZ,60.38,60.38
002657.SZ,36.35,36.35
002658.SZ,69.49,69.49
002659.SZ,51.84,51.84
002660.SZ,45.76,45.76
002661.SZ,59.79,59.79
002662.SZ,72.55,72.55
002663.SZ,46.41,46.41
002664.SZ,61.01,61.01
002665.SZ,52.22,52.22
002666.SZ,57.55,57.55
002667.SZ,58.3,58.3
002668.SZ,54.09,54.09
002669.SZ,43.6,43.6
002670.SZ,80.74,80.74
002671.SZ,39.34,39.34
002672.SZ,64.54,64.54
002673.SZ,61.28,61.28
002674.SZ,73.72,73.72
002675.SZ,47.41,47.41
002676.SZ,67.76,67.76
002677.SZ,72.01,72.01
002678.SZ,86.4,86.4
002679.SZ,77.65,77.65
002681.SZ,63.67,63.67
002682.SZ,58.54,58.54
002683.SZ,49.31,49.31
002684.SZ,60.54,60.54
002685.SZ,65.54,65.54
002686.SZ,63.23,63.23
002687.SZ,49.56,49.56
002688.SZ,56.47,56.47
002689.SZ,66.46,66.46
002690.SZ,77.77,77.77
002691.SZ,74.97,74.97
002692.SZ,61.91,61.91
002693.SZ,55.8,55.8
002694.SZ,47.53,47.53
002695.SZ,65.05,65.05
002696.SZ,65.78,65.78
002697.SZ,65.54,65.54
002698.SZ,63.85,63.85
002699.SZ,75.66,75.66
002700.SZ,68.61,68.61
002701.SZ,56.17,56.17
002702.SZ,48.81,48.81
002703.SZ,75.89,75.89
002705.SZ,78.78,78.78
002706.SZ,51.14,51.14
002707.SZ,58.2,58.2
002708.SZ,66.36,66.36
002709.SZ,57.42,57.42
002711.SZ,65.92,65.92
002712.SZ,61.76,61.76
002713.SZ,75.92,75.92
002714.SZ,78.18,78.18
002715.SZ,50.57,50.57
002716.SZ,43.14,43.14
002717.SZ,57.42,57.42
002718.SZ,75.27,75.27
002719.SZ,65.92,65.92
002721.SZ,55.5,55.5
002722.SZ,57.44,57.44
002723.SZ,76.1616,76.1616
002724.SZ,81.09,81.09
002725.SZ,63.64,63.64
002726.SZ,76.99,76.99
002727.SZ,71.04,71.04
002728.SZ,69.6,69.6
002729.SZ,73.95,73.95
002730.SZ,68.24,68.24
002731.SZ,59.82,59.82
002732.SZ,65.49,65.49
002733.SZ,58.76,58.76
002734.SZ,54.85,54.85
002735.SZ,72,72
002736.SZ,89.45,89.45
002737.SZ,65.96,65.96
002738.SZ,52.42,52.42
002739.SZ,69.19,69.19
002740.SZ,55.47,55.47
002741.SZ,67.9,67.9
002742.SZ,66.41,66.41
002743.SZ,53.98,53.98
002745.SZ,80.7,80.7
002746.SZ,61.44,61.44
002747.SZ,69.04,69.04
002748.SZ,69.32,69.32
002749.SZ,69.19,69.19
002750.SZ,77.22,77.22
002751.SZ,51.95,51.95
002752.SZ,84.71,84.71
002753.SZ,73.91,73.91
002755.SZ,84.15,84.15
002756.SZ,72.1,72.1
002757.SZ,68.17,68.17
002758.SZ,50.03,50.03
002759.SZ,81.76,81.76
002760.SZ,56.86,56.86
002761.SZ,72.19,72.19
002762.SZ,66.41,66.41
002763.SZ,71.77,71.77
002765.SZ,65.31,65.31
002766.SZ,53.51,53.51
002767.SZ,73.82,73.82
002768.SZ,72.66,72.66
002769.SZ,59.27,59.27
002770.SZ,63.8,63.8
002771.SZ,55.35,55.35
002772.SZ,47.7,47.7
002773.SZ,79.77,79.77
002774.SZ,73.65,73.65
002775.SZ,56.35,56.35
002776.SZ,66.88,66.88
002777.SZ,57.89,57.89
002778.SZ,61.83,61.83
002779.SZ,77.81,77.81
002780.SZ,63.98,63.98
002781.SZ,65.57,65.57
002782.SZ,74.64,74.64
002783.SZ,45.67,45.67
002785.SZ,60.05,60.05
002786.SZ,66.97,66.97
002787.SZ,66.99,66.99
002788.SZ,49.73,49.73
002789.SZ,60.52,60.52
002790.SZ,70.13,70.13
002791.SZ,70.28,70.28
002792.SZ,70.97,70.97
002793.SZ,71.03,71.03
002795.SZ,71.56,71.56
002796.SZ,63.29,63.29
002797.SZ,52.82,52.82
002798.SZ,69.38,69.38
002799.SZ,78.47,78.47
002800.SZ,61.78,61.78
002801.SZ,77.07,77.07
002802.SZ,72.93,72.93
002803.SZ,70.29,70.29
002805.SZ,60.26,60.26
002806.SZ,70.91,70.91
002807.SZ,36.31,36.31
002808.SZ,60.08,60.08
002809.SZ,65.9,65.9
002810.SZ,47.91,47.91
002811.SZ,76.34,76.34
002812.SZ,66.23,66.23
002813.SZ,73.7,73.7
002815.SZ,78.23,78.23
002816.SZ,50.95,50.95
002817.SZ,52.97,52.97
002818.SZ,83.03,83.03
002819.SZ,75.57,75.57
002820.SZ,70.39,70.39
002821.SZ,57.77,57.77
002822.SZ,64.06,64.06
002823.SZ,71.64,71.64
002824.SZ,72.58,72.58
002825.SZ,75.18,75.18
002826.SZ,64.83,64.83
002827.SZ,75.67,75.67
002828.SZ,39.8,39.8
002829.SZ,67.11,67.11
002830.SZ,73.34,73.34
002831.SZ,83.49,83.49
002832.SZ,72.09,72.09
002833.SZ,73.87,73.87
002835.SZ,70.54,70.54
002836.SZ,76.16,76.16
002837.SZ,57.6,57.6
002838.SZ,79.24,79.24
002839.SZ,40.76,40.76
002840.SZ,70.97,70.97
002841.SZ,65.59,65.59
002842.SZ,66.64,66.64
002843.SZ,68.1,68.1
002845.SZ,67.48,67.48
002846.SZ,75.66,75.66
002847.SZ,73.62,73.62
002848.SZ,47.49,47.49
002849.SZ,62.28,62.28
002850.SZ,70.71,70.71
002851.SZ,54.92,54.92
002852.SZ,71.6,71.6
002853.SZ,75.77,75.77
002855.SZ,69.07,69.07
002856.SZ,76.2,76.2
002857.SZ,68.49,68.49
002858.SZ,65.76,65.76
002859.SZ,68.45,68.45
002860.SZ,62.53,62.53
002861.SZ,68.53,68.53
002862.SZ,69.57,69.57
002863.SZ,75.26,75.26
002864.SZ,70.8,70.8
002865.SZ,70.93,70.93
002866.SZ,73.32,73.32
002867.SZ,82.25,82.25
002868.SZ,77.75,77.75
002869.SZ,63.86,63.86
002870.SZ,75.45,75.45
002871.SZ,76.12,76.12
002872.SZ,43.84,43.84
002873.SZ,69.49,69.49
002875.SZ,75.13,75.13
002876.SZ,65.34,65.34
002877.SZ,74.38,74.38
002878.SZ,75.38,75.38
002879.SZ,49.14,49.14
002880.SZ,77.78,77.78
002881.SZ,78.19,78.19
002882.SZ,79.95,79.95
002883.SZ,56.9,56.9
002884.SZ,61.58,61.58
002885.SZ,67.69,67.69
002886.SZ,70.51,70.51
002887.SZ,75.53,75.53
002888.SZ,74.39,74.39
002889.SZ,74.18,74.18
002890.SZ,65.76,65.76
002891.SZ,79.36,79.36
002892.SZ,70.98,70.98
002893.SZ,65.05,65.05
002895.SZ,82.35,82.35
002896.SZ,72.47,72.47
002897.SZ,69.04,69.04
002898.SZ,75.7,75.7
002899.SZ,66.21,66.21
002900.SZ,73.16,73.16
002901.SZ,90.99,90.99
002902.SZ,66.03,66.03
002903.SZ,62.91,62.91
002905.SZ,78.48,78.48
002906.SZ,85.11,85.11
002907.SZ,88.26,88.26
002908.SZ,61.58,61.58
002909.SZ,67.71,67.71
002910.SZ,63.44,63.44
002911.SZ,90.56,90.56
002912.SZ,60.85,60.85
002913.SZ,75.39,75.39
002915.SZ,70.8,70.8
002916.SZ,74.82,74.82
002917.SZ,75.31,75.31
002918.SZ,76.17,76.17
002919.SZ,74.82,74.82
002920.SZ,84.33,84.33
002921.SZ,69.66,69.66
002922.SZ,75.61,75.61
002923.SZ,72.71,72.71
002925.SZ,75.63,75.63
002926.SZ,66.07,66.07
002927.SZ,74.74,74.74
002928.SZ,84.23,84.23
002929.SZ,71.12,71.12
002930.SZ,68.76,68.76
002931.SZ,75.25,75.25
002932.SZ,71.3,71.3
002933.SZ,68.22,68.22
002935.SZ,66.42,66.42
002936.SZ,61.05,61.05
002937.SZ,72.75,72.75
002938.SZ,87.7,87.7
002939.SZ,83.24,83.24
002940.SZ,67.07,67.07
002941.SZ,83.34,83.34
002942.SZ,75.02,75.02
002943.SZ,69.66,69.66
002945.SZ,90.4,90.4
002946.SZ,90.27,90.27
002947.SZ,69.75,69.75
002948.SZ,77.93,77.93
002949.SZ,70.46,70.46
002950.SZ,80.43,80.43
002951.SZ,89.12,89.12
002952.SZ,73.91,73.91
002953.SZ,74.99,74.99
002955.SZ,74.49,74.49
002956.SZ,74.37,74.37
002958.SZ,46.39,46.39
300001.SZ,62.2,62.2
300002.SZ,44.91,44.91
300003.SZ,65.46,65.46
300004.SZ,47.78,47.78
300005.SZ,38.78,38.78
300006.SZ,47.3,47.3
300007.SZ,38.31,38.31
300008.SZ,47.1878,47.1878
300009.SZ,43.67,43.67
300010.SZ,36.31,36.31
300011.SZ,54.02,54.02
300012.SZ,50.25,50.25
300013.SZ,44.48,44.48
300014.SZ,50.26,50.26
300015.SZ,74.44,74.44
300016.SZ,45.81,45.81
300017.SZ,32.95,32.95
300018.SZ,40.86,40.86
300019.SZ,62.62,62.62
300020.SZ,37.87,37.87
300021.SZ,57.17,57.17
300022.SZ,33.48,33.48
300023.SZ,70.17,70.17
300024.SZ,42.89,42.89
300025.SZ,29.08,29.08
300026.SZ,49.33,49.33
300027.SZ,48.08,48.08
300029.SZ,37.26,37.26
300030.SZ,44.1,44.1
300031.SZ,52.36,52.36
300032.SZ,47.95,47.95
300033.SZ,73.96,73.96
300034.SZ,53.83,53.83
300035.SZ,32.56,32.56
300036.SZ,37.17,37.17
300037.SZ,47.06,47.06
300038.SZ,67.33,67.33
300039.SZ,45.82,45.82
300040.SZ,47.81,47.81
300041.SZ,45.5,45.5
300042.SZ,65.5,65.5
300043.SZ,60.69,60.69
300044.SZ,44.96,44.96
300045.SZ,51.94,51.94
300046.SZ,49.9,49.9
300047.SZ,36.48,36.48
300048.SZ,42.94,42.94
300049.SZ,38.24,38.24
300050.SZ,46.28,46.28
300051.SZ,45.09,45.09
300052.SZ,45.14,45.14
300053.SZ,38.04,38.04
300054.SZ,47.1,47.1
300055.SZ,48.39,48.39
300056.SZ,62.69,62.69
300057.SZ,53.51,53.51
300058.SZ,39.87,39.87
300059.SZ,35.69,35.69
300061.SZ,75.72,75.72
300062.SZ,58.43,58.43
300063.SZ,53.61,53.61
300064.SZ,72.89,72.89
300065.SZ,44.59,44.59
300066.SZ,51.63,51.63
300067.SZ,59.22,59.22
300068.SZ,52.15,52.15
300069.SZ,60.44,60.44
300070.SZ,57.97,57.97
300071.SZ,59.87,59.87
300072.SZ,59.51,59.51
300073.SZ,44.45,44.45
300074.SZ,34,34
300075.SZ,41.88,41.88
300076.SZ,47.93,47.93
300077.SZ,9.17,9.17
300078.SZ,43.97,43.97
300079.SZ,19.25,19.25
300080.SZ,26.03,26.03
300081.SZ,52.93,52.93
300082.SZ,62.93,62.93
300083.SZ,46.51,46.51
300084.SZ,34.82,34.82
300085.SZ,59.86,59.86
300086.SZ,54.83,54.83
300087.SZ,66.22,66.22
300088.SZ,29.52,29.52
300089.SZ,53.29,53.29
300090.SZ,43.85,43.85
300091.SZ,47.37,47.37
300092.SZ,52.14,52.14
300093.SZ,31.07,31.07
300094.SZ,63.57,63.57
300095.SZ,54.12,54.12
300096.SZ,44.37,44.37
300097.SZ,53.45,53.45
300098.SZ,48.51,48.51
300099.SZ,55.09,55.09
300100.SZ,72.97,72.97
300101.SZ,40.44,40.44
300102.SZ,39.79,39.79
300103.SZ,64.73,64.73
300105.SZ,48.33,48.33
300106.SZ,46.92,46.92
300107.SZ,54.74,54.74
300108.SZ,66.63,66.63
300109.SZ,57.91,57.91
300110.SZ,55.23,55.23
300111.SZ,22.82,22.82
300112.SZ,55.5,55.5
300113.SZ,53.51,53.51
300114.SZ,68.51,68.51
300115.SZ,60.35,60.35
300116.SZ,56.27,56.27
300117.SZ,61.75,61.75
300118.SZ,53.37,53.37
300119.SZ,66.57,66.57
300120.SZ,45.2,45.2
300121.SZ,57.05,57.05
300122.SZ,78.05,78.05
300123.SZ,66.33,66.33
300124.SZ,47.93,47.93
300125.SZ,39.71,39.71
300126.SZ,55.67,55.67
300127.SZ,74.14,74.14
300128.SZ,44.4,44.4
300129.SZ,38.71,38.71
300130.SZ,58.61,58.61
300131.SZ,44.72,44.72
300132.SZ,44.27,44.27
300133.SZ,63.49,63.49
300134.SZ,63.45,63.45
300135.SZ,38.06,38.06
300136.SZ,34.98,34.98
300137.SZ,25.07,25.07
300138.SZ,41.07,41.07
300139.SZ,30.34,30.34
300140.SZ,63.24,63.24
300141.SZ,59.14,59.14
300142.SZ,37.7,37.7
300143.SZ,68.75,68.75
300144.SZ,62.9,62.9
300145.SZ,49.04,49.04
300146.SZ,61.38,61.38
300147.SZ,49.27,49.27
300148.SZ,40.37,40.37
300149.SZ,59.41,59.41
300150.SZ,45.33,45.33
300151.SZ,61.33,61.33
300152.SZ,34.1,34.1
300153.SZ,56.51,56.51
300154.SZ,69.01,69.01
300155.SZ,66.26,66.26
300156.SZ,52.32,52.32
300157.SZ,24.7,24.7
300158.SZ,64.41,64.41
300159.SZ,44.02,44.02
300160.SZ,51.86,51.86
300161.SZ,34.25,34.25
300162.SZ,57.22,57.22
300163.SZ,46.9,46.9
300164.SZ,44.24,44.24
300165.SZ,46.33,46.33
300166.SZ,43.57,43.57
300167.SZ,42.99,42.99
300168.SZ,44.79,44.79
300169.SZ,43.02,43.02
300170.SZ,30,30
300171.SZ,66.45,66.45
300172.SZ,48.57,48.57
300173.SZ,62.73,62.73
300174.SZ,68.94,68.94
300175.SZ,48.51,48.51
300176.SZ,50.3,50.3
300177.SZ,44.44,44.44
300178.SZ,50.82,50.82
300179.SZ,47.96,47.96
300180.SZ,46.72,46.72
300181.SZ,43.19,43.19
300182.SZ,49.68,49.68
300183.SZ,58.98,58.98
300184.SZ,54.03,54.03
300185.SZ,31.46,31.46
300187.SZ,71.16,71.16
300188.SZ,55.77,55.77
300189.SZ,52.04,52.04
300190.SZ,63.16,63.16
300191.SZ,70.15,70.15
300192.SZ,53.88,53.88
300193.SZ,43.46,43.46
300194.SZ,59.21,59.21
300195.SZ,58.48,58.48
300196.SZ,63.92,63.92
300197.SZ,55.34,55.34
300198.SZ,52.23,52.23
300199.SZ,58.25,58.25
300200.SZ,56.01,56.01
300201.SZ,51.36,51.36
300202.SZ,63.69,63.69
300203.SZ,60.72,60.72
300204.SZ,66.93,66.93
300205.SZ,54.27,54.27
300206.SZ,62.4,62.4
300207.SZ,57.93,57.93
300208.SZ,59.33,59.33
300209.SZ,63.86,63.86
300210.SZ,72.74,72.74
300211.SZ,60.77,60.77
300212.SZ,49.65,49.65
300213.SZ,47.97,47.97
300214.SZ,50.15,50.15
300215.SZ,64.97,64.97
300217.SZ,42.71,42.71
300218.SZ,66.25,66.25
300219.SZ,64.77,64.77
300220.SZ,60.95,60.95
300221.SZ,49.58,49.58
300222.SZ,56.83,56.83
300223.SZ,55.04,55.04
300224.SZ,65.24,65.24
300225.SZ,37.81,37.81
300226.SZ,44.26,44.26
300227.SZ,44.88,44.88
300228.SZ,26.46,26.46
300229.SZ,57.83,57.83
300230.SZ,55.41,55.41
300231.SZ,33.99,33.99
300232.SZ,59.4,59.4
300233.SZ,66.77,66.77
300234.SZ,64.67,64.67
300235.SZ,53.4,53.4
300236.SZ,55.03,55.03
300237.SZ,60.12,60.12
300238.SZ,42.05,42.05
300239.SZ,49.88,49.88
300240.SZ,61.38,61.38
300241.SZ,44.84,44.84
300242.SZ,48.34,48.34
300243.SZ,53.3,53.3
300244.SZ,53.57,53.57
300245.SZ,38.86,38.86
300246.SZ,44.56,44.56
300247.SZ,39.09,39.09
300248.SZ,46.25,46.25
300249.SZ,56.76,56.76
300250.SZ,52.05,52.05
300251.SZ,72.91,72.91
300252.SZ,61.77,61.77
300253.SZ,44.75,44.75
300254.SZ,42.74,42.74
300255.SZ,60.96,60.96
300256.SZ,42.02,42.02
300257.SZ,69.66,69.66
300258.SZ,65.14,65.14
300259.SZ,54.6199,54.6199
300260.SZ,74.34,74.34
300261.SZ,65.21,65.21
300262.SZ,56.9,56.9
300263.SZ,53.07,53.07
300264.SZ,41.26,41.26
300265.SZ,70.27,70.27
300266.SZ,46.48,46.48
300267.SZ,66.41,66.41
300268.SZ,46.45,46.45
300269.SZ,53.11,53.11
300270.SZ,64.87,64.87
300271.SZ,38.44,38.44
300272.SZ,60.52,60.52
300273.SZ,37.78,37.78
300274.SZ,44.42,44.42
300275.SZ,48.61,48.61
300276.SZ,70.55,70.55
300277.SZ,67.87,67.87
300278.SZ,57.64,57.64
300279.SZ,54.06,54.06
300280.SZ,57.48,57.48
300281.SZ,62.3,62.3
300282.SZ,51.62,51.62
300283.SZ,71.16,71.16
300284.SZ,48.27,48.27
300285.SZ,51.82,51.82
300286.SZ,65.12,65.12
300287.SZ,33.76,33.76
300288.SZ,60.64,60.64
300289.SZ,61.8,61.8
300290.SZ,62.21,62.21
300291.SZ,47.56,47.56
300292.SZ,46.46,46.46
300293.SZ,69.09,69.09
300294.SZ,61.73,61.73
300295.SZ,34.17,34.17
300296.SZ,46.69,46.69
300297.SZ,54.31,54.31
300298.SZ,68.58,68.58
300299.SZ,43.94,43.94
300300.SZ,65.27,65.27
300301.SZ,55.77,55.77
300302.SZ,58.07,58.07
300303.SZ,38.77,38.77
300304.SZ,50.25,50.25
300305.SZ,50.65,50.65
300306.SZ,65.34,65.34
300307.SZ,63.25,63.25
300308.SZ,56.07,56.07
300309.SZ,60.76,60.76
300310.SZ,40.66,40.66
300311.SZ,53.43,53.43
300312.SZ,57.35,57.35
300313.SZ,60.52,60.52
300314.SZ,67.99,67.99
300315.SZ,25.83,25.83
300316.SZ,61.08,61.08
300317.SZ,71.65,71.65
300318.SZ,70.56,70.56
300319.SZ,54.59,54.59
300320.SZ,47.72,47.72
300321.SZ,65.05,65.05
300322.SZ,39.95,39.95
300323.SZ,60.51,60.51
300324.SZ,52.04,52.04
300325.SZ,56.82,56.82
300326.SZ,43.26,43.26
300327.SZ,44.56,44.56
300328.SZ,56.5,56.5
300329.SZ,51.73,51.73
300330.SZ,36.93,36.93
300331.SZ,52.58,52.58
300332.SZ,45.41,45.41
300333.SZ,27.09,27.09
300334.SZ,51.81,51.81
300335.SZ,39.22,39.22
300336.SZ,41.57,41.57
300337.SZ,63.36,63.36
300338.SZ,61.36,61.36
300339.SZ,49.59,49.59
300340.SZ,38.12,38.12
300341.SZ,71.95,71.95
300342.SZ,65.31,65.31
300343.SZ,39.31,39.31
300344.SZ,52.8,52.8
300345.SZ,40.02,40.02
300346.SZ,52.55,52.55
300347.SZ,53.49,53.49
300348.SZ,37.07,37.07
300349.SZ,52.73,52.73
300350.SZ,61.35,61.35
300351.SZ,60.91,60.91
300352.SZ,36.69,36.69
300353.SZ,44.99,44.99
300354.SZ,60.94,60.94
300355.SZ,38.45,38.45
300356.SZ,51.79,51.79
300357.SZ,66.61,66.61
300358.SZ,63.94,63.94
300359.SZ,49.27,49.27
300360.SZ,55.23,55.23
300362.SZ,55.33,55.33
300363.SZ,65.51,65.51
300364.SZ,43.71,43.71
300365.SZ,67.16,67.16
300366.SZ,58.09,58.09
300367.SZ,46.43,46.43
300368.SZ,63.21,63.21
300369.SZ,57.07,57.07
300370.SZ,34.75,34.75
300371.SZ,67.89,67.89
300373.SZ,65.76,65.76
300374.SZ,65.85,65.85
300375.SZ,49.16,49.16
300376.SZ,75.29,75.29
300377.SZ,51.42,51.42
300378.SZ,51.83,51.83
300379.SZ,38.98,38.98
300380.SZ,57.29,57.29
300381.SZ,70.27,70.27
300382.SZ,74.12,74.12
300383.SZ,44.04,44.04
300384.SZ,68.44,68.44
300385.SZ,63.55,63.55
300386.SZ,66.14,66.14
300387.SZ,65.32,65.32
300388.SZ,63.58,63.58
300389.SZ,73.44,73.44
300390.SZ,54.94,54.94
300391.SZ,66.64,66.64
300392.SZ,64.89,64.89
300393.SZ,74.46,74.46
300394.SZ,70.35,70.35
300395.SZ,43.9,43.9
300396.SZ,73.61,73.61
300397.SZ,56.44,56.44
300398.SZ,63.68,63.68
300399.SZ,71.25,71.25
300400.SZ,50.31,50.31
300401.SZ,52.21,52.21
300402.SZ,73.1,73.1
300403.SZ,68.17,68.17
300404.SZ,59.08,59.08
300405.SZ,60.42,60.42
300406.SZ,66.24,66.24
300407.SZ,47.48,47.48
300408.SZ,51.17,51.17
300409.SZ,57.78,57.78
300410.SZ,60.36,60.36
300411.SZ,75.23,75.23
300412.SZ,57.64,57.64
300413.SZ,78.6,78.6
300414.SZ,71.79,71.79
300415.SZ,53.09,53.09
300416.SZ,64.46,64.46
300417.SZ,67,67
300418.SZ,58.67,58.67
300419.SZ,45.7,45.7
300420.SZ,49.31,49.31
300421.SZ,49.04,49.04
300422.SZ,43.67,43.67
300423.SZ,73.63,73.63
300424.SZ,47.72,47.72
300425.SZ,54.66,54.66
300426.SZ,63.67,63.67
300427.SZ,68.8,68.8
300428.SZ,83.84,83.84
300429.SZ,60.5,60.5
300430.SZ,53.2,53.2
300431.SZ,28.14,28.14
300432.SZ,61.21,61.21
300433.SZ,84.58,84.58
300434.SZ,57.86,57.86
300435.SZ,72.64,72.64
300436.SZ,63.07,63.07
300437.SZ,63.29,63.29
300438.SZ,52.91,52.91
300439.SZ,72.12,72.12
300440.SZ,58.02,58.02
300441.SZ,68.44,68.44
300442.SZ,60.06,60.06
300443.SZ,60.87,60.87
300444.SZ,56.23,56.23
300445.SZ,72.43,72.43
300446.SZ,46.56,46.56
300447.SZ,66.85,66.85
300448.SZ,59.38,59.38
300449.SZ,49.65,49.65
300450.SZ,57.67,57.67
300451.SZ,52.15,52.15
300452.SZ,54.61,54.61
300453.SZ,57.47,57.47
300454.SZ,83.2,83.2
300455.SZ,61.5,61.5
300456.SZ,71.13,71.13
300457.SZ,54.88,54.88
300458.SZ,53.36,53.36
300459.SZ,70.51,70.51
300460.SZ,62.5,62.5
300461.SZ,67.61,67.61
300462.SZ,55.95,55.95
300463.SZ,57.25,57.25
300464.SZ,70.3,70.3
300465.SZ,39.74,39.74
300466.SZ,68.23,68.23
300467.SZ,49.9,49.9
300468.SZ,53.71,53.71
300469.SZ,61.88,61.88
300470.SZ,40.99,40.99
300471.SZ,54.18,54.18
300472.SZ,51.97,51.97
300473.SZ,65.38,65.38
300474.SZ,74.43,74.43
300475.SZ,61.83,61.83
300476.SZ,64.52,64.52
300477.SZ,52.86,52.86
300478.SZ,67.85,67.85
300479.SZ,49.76,49.76
300480.SZ,68.05,68.05
300481.SZ,58.85,58.85
300482.SZ,73.18,73.18
300483.SZ,67.35,67.35
300484.SZ,65.08,65.08
300485.SZ,68.35,68.35
300486.SZ,58.29,58.29
300487.SZ,62.99,62.99
300488.SZ,78.52,78.52
300489.SZ,51.26,51.26
300490.SZ,66.94,66.94
300491.SZ,69.57,69.57
300492.SZ,74.88,74.88
300493.SZ,59.95,59.95
300494.SZ,63.02,63.02
300495.SZ,61.35,61.35
300496.SZ,54.07,54.07
300497.SZ,54.59,54.59
300498.SZ,25.53,25.53
300499.SZ,62.74,62.74
300500.SZ,65.28,65.28
300501.SZ,70.55,70.55
300502.SZ,58.37,58.37
300503.SZ,68.78,68.78
300504.SZ,75.01,75.01
300505.SZ,63.65,63.65
300506.SZ,69.21,69.21
300507.SZ,71.56,71.56
300508.SZ,76.59,76.59
300509.SZ,73.7,73.7
300510.SZ,64.34,64.34
300511.SZ,66.04,66.04
300512.SZ,70.93,70.93
300513.SZ,49.99,49.99
300514.SZ,68.24,68.24
300515.SZ,67.15,67.15
300516.SZ,77.19,77.19
300517.SZ,62.77,62.77
300518.SZ,69.38,69.38
300519.SZ,73.59,73.59
300520.SZ,61.26,61.26
300521.SZ,66.11,66.11
300522.SZ,68.15,68.15
300523.SZ,64.36,64.36
300525.SZ,52.31,52.31
300526.SZ,72.6,72.6
300527.SZ,73.74,73.74
300528.SZ,67.27,67.27
300529.SZ,65.48,65.48
300530.SZ,79.35,79.35
300531.SZ,72.22,72.22
300532.SZ,68.08,68.08
300533.SZ,71,71
300534.SZ,50.49,50.49
300535.SZ,61.23,61.23
300536.SZ,68.15,68.15
300537.SZ,63.24,63.24
300538.SZ,75.46,75.46
300539.SZ,70.21,70.21
300540.SZ,56.46,56.46
300541.SZ,44.59,44.59
300542.SZ,67.71,67.71
300543.SZ,60.73,60.73
300545.SZ,68.1,68.1
300546.SZ,65.86,65.86
300547.SZ,49.81,49.81
300548.SZ,63.89,63.89
300549.SZ,75.25,75.25
300550.SZ,72.8,72.8
300551.SZ,54.78,54.78
300552.SZ,70.12,70.12
300553.SZ,69.6,69.6
300554.SZ,67.02,67.02
300555.SZ,55.72,55.72
300556.SZ,52.55,52.55
300557.SZ,62.04,62.04
300558.SZ,70,70
300559.SZ,74.93,74.93
300560.SZ,72.26,72.26
300561.SZ,68.89,68.89
300562.SZ,71.33,71.33
300563.SZ,71.34,71.34
300565.SZ,68.24,68.24
300566.SZ,72.08,72.08
300567.SZ,64.47,64.47
300568.SZ,46.87,46.87
300569.SZ,59.23,59.23
300570.SZ,55.07,55.07
300571.SZ,62.4,62.4
300572.SZ,61.71,61.71
300573.SZ,63.7,63.7
300575.SZ,65.48,65.48
300576.SZ,72.77,72.77
300577.SZ,79.73,79.73
300578.SZ,65.73,65.73
300579.SZ,69.85,69.85
300580.SZ,74.04,74.04
300581.SZ,73.25,73.25
300582.SZ,66.11,66.11
300583.SZ,70.75,70.75
300584.SZ,70.77,70.77
300585.SZ,62.23,62.23
300586.SZ,75.05,75.05
300587.SZ,60.56,60.56
300588.SZ,63.36,63.36
300589.SZ,73.72,73.72
300590.SZ,73.93,73.93
300591.SZ,71.19,71.19
300592.SZ,50.27,50.27
300593.SZ,50.47,50.47
300594.SZ,63.75,63.75
300595.SZ,63.81,63.81
300596.SZ,66.76,66.76
300597.SZ,42.84,42.84
300598.SZ,67.41,67.41
300599.SZ,71.14,71.14
300600.SZ,68.39,68.39
300601.SZ,64.15,64.15
300602.SZ,74.55,74.55
300603.SZ,64.19,64.19
300604.SZ,65.62,65.62
300605.SZ,69.99,69.99
300606.SZ,68.3417,68.3417
300607.SZ,67.31,67.31
300608.SZ,71.4,71.4
300609.SZ,73.4,73.4
300610.SZ,52.87,52.87
300611.SZ,69.95,69.95
300612.SZ,76.71,76.71
300613.SZ,74.67,74.67
300615.SZ,72.45,72.45
300616.SZ,78.63,78.63
300617.SZ,72.81,72.81
300618.SZ,66.37,66.37
300619.SZ,65.07,65.07
300620.SZ,75.35,75.35
300621.SZ,71.9,71.9
300622.SZ,64.95,64.95
300623.SZ,66.12,66.12
300624.SZ,70.02,70.02
300625.SZ,74.77,74.77
300626.SZ,65.1,65.1
300627.SZ,71.83,71.83
300628.SZ,76.86,76.86
300629.SZ,66.48,66.48
300630.SZ,66.31,66.31
300631.SZ,58.83,58.83
300632.SZ,71.36,71.36
300633.SZ,81.12,81.12
300634.SZ,87.28,87.28
300635.SZ,67.68,67.68
300636.SZ,69.1,69.1
300637.SZ,64,64
300638.SZ,74.93,74.93
300639.SZ,61.45,61.45
300640.SZ,71.1,71.1
300641.SZ,73,73
300642.SZ,69.07,69.07
300643.SZ,73.27,73.27
300644.SZ,61.53,61.53
300645.SZ,54.77,54.77
300647.SZ,71.23,71.23
300648.SZ,64.06,64.06
300649.SZ,55,55
300650.SZ,74.03,74.03
300651.SZ,72.41,72.41
300652.SZ,72.84,72.84
300653.SZ,69.24,69.24
300654.SZ,65.59,65.59
300655.SZ,57.51,57.51
300656.SZ,73.71,73.71
300657.SZ,65.34,65.34
300658.SZ,74.06,74.06
300659.SZ,63.72,63.72
300660.SZ,74.47,74.47
300661.SZ,67.78,67.78
300662.SZ,72.45,72.45
300663.SZ,64.76,64.76
300664.SZ,74.23,74.23
300665.SZ,48.15,48.15
300666.SZ,63.06,63.06
300667.SZ,66.68,66.68
300668.SZ,72.38,72.38
300669.SZ,74.76,74.76
300670.SZ,74.65,74.65
300671.SZ,65.51,65.51
300672.SZ,73.27,73.27
300673.SZ,70.43,70.43
300674.SZ,77.88,77.88
300675.SZ,76.48,76.48
300676.SZ,67.77,67.77
300677.SZ,71.92,71.92
300678.SZ,71.79,71.79
300679.SZ,68.17,68.17
300680.SZ,56.62,56.62
300681.SZ,73.54,73.54
300682.SZ,80.16,80.16
300683.SZ,65.84,65.84
300684.SZ,71.19,71.19
300685.SZ,67.18,67.18
300686.SZ,61.29,61.29
300687.SZ,67.81,67.81
300688.SZ,65.66,65.66
300689.SZ,75.31,75.31
300690.SZ,63.7,63.7
300691.SZ,65.67,65.67
300692.SZ,69.75,69.75
300693.SZ,62.39,62.39
300694.SZ,63.52,63.52
300695.SZ,76.57,76.57
300696.SZ,74.06,74.06
300697.SZ,76.06,76.06
300698.SZ,69.83,69.83
300699.SZ,71.36,71.36
300700.SZ,60.51,60.51
300701.SZ,76.54,76.54
300702.SZ,72.52,72.52
300703.SZ,56.52,56.52
300705.SZ,67.6,67.6
300706.SZ,69.21,69.21
300707.SZ,71.46,71.46
300708.SZ,72.71,72.71
300709.SZ,65.92,65.92
300710.SZ,65.1,65.1
300711.SZ,72.41,72.41
300712.SZ,75.91,75.91
300713.SZ,74.18,74.18
300715.SZ,74.46,74.46
300716.SZ,74.72,74.72
300717.SZ,72.69,72.69
300718.SZ,75.01,75.01
300719.SZ,73.32,73.32
300720.SZ,71.08,71.08
300721.SZ,51.7,51.7
300722.SZ,76.22,76.22
300723.SZ,75.68,75.68
300724.SZ,62.02,62.02
300725.SZ,63.99,63.99
300726.SZ,82.12,82.12
300727.SZ,75.2,75.2
300729.SZ,71.4,71.4
300730.SZ,54.56,54.56
300731.SZ,72.14,72.14
300732.SZ,50.79,50.79
300733.SZ,72.42,72.42
300735.SZ,75.74,75.74
300736.SZ,72.26,72.26
300737.SZ,56.48,56.48
300738.SZ,65.83,65.83
300739.SZ,75.7,75.7
300740.SZ,66.99,66.99
300741.SZ,90.56,90.56
300742.SZ,66.46,66.46
300743.SZ,67.6,67.6
300745.SZ,64.4,64.4
300746.SZ,75.42,75.42
300747.SZ,74.41,74.41
300748.SZ,81.2,81.2
300749.SZ,60.06,60.06
300750.SZ,65.74,65.74
300751.SZ,78.59,78.59
300752.SZ,75.6,75.6
300753.SZ,67.93,67.93
300755.SZ,76.69,76.69
300756.SZ,60.29,60.29
300757.SZ,77.67,77.67
300758.SZ,60.78,60.78
300759.SZ,78.39,78.39
300760.SZ,82.35,82.35
300761.SZ,82.24,82.24
300762.SZ,73.24,73.24
300763.SZ,75.73,75.73
300765.SZ,76.34,76.34
300766.SZ,62.97,62.97
300767.SZ,70.97,70.97
300768.SZ,97.8,97.8
300769.SZ,91.41,91.41
300770.SZ,93.88,93.88
300771.SZ,93.12,93.12
300772.SZ,70.66,70.66
300773.SZ,65.63,65.63
300775.SZ,58.94,58.94
300776.SZ,75.09,75.09
300777.SZ,67.42,67.42
300778.SZ,75.1036,75.1036
300779.SZ,59.02,59.02
300780.SZ,69.91,69.91
300781.SZ,77.22,77.22
300782.SZ,71.93,71.93
600000.SH,76.42,76.42
600004.SH,70.97,70.97
600006.SH,64.69,64.69
600007.SH,87.94,87.94
600008.SH,62.39,62.39
600009.SH,79.55,79.55
600010.SH,72.42,72.42
600011.SH,86.11,86.11
600012.SH,87.36,87.36
600015.SH,76.94,76.94
600016.SH,59.58,59.58
600017.SH,58.07,58.07
600018.SH,90.95,90.95
600019.SH,82.16,82.16
600020.SH,63.41,63.41
600021.SH,73.74,73.74
600022.SH,55,55
600023.SH,85.44,85.44
600025.SH,91.77,91.77
600026.SH,76.66,76.66
600027.SH,81.65,81.65
600028.SH,94.88,94.88
600029.SH,81.77,81.77
600030.SH,47.7,47.7
600031.SH,48.39,48.39
600033.SH,57.93,57.93
600035.SH,64.27,64.27
600036.SH,66.86,66.86
600037.SH,57.9,57.9
600038.SH,67.06,67.06
600039.SH,59.39,59.39
600048.SH,57.46,57.46
600050.SH,71.7,71.7
600051.SH,35.58,35.58
600052.SH,54.45,54.45
600053.SH,80.55,80.55
600054.SH,48.17,48.17
600055.SH,61.71,61.71
600056.SH,63.58,63.58
600057.SH,72.05,72.05
600058.SH,68.95,68.95
600059.SH,55.21,55.21
600060.SH,58.07,58.07
600061.SH,79.91,79.91
600062.SH,68.97,68.97
600063.SH,37.99,37.99
600064.SH,45.99,45.99
600066.SH,62.04,62.04
600067.SH,48.21,48.21
600068.SH,51.81,51.81
600069.SH,54.16,54.16
600070.SH,48.59,48.59
600071.SH,51.5,51.5
600072.SH,48.47,48.47
600073.SH,43.93,43.93
600074.SH,55.07,55.07
600075.SH,62.39,62.39
600076.SH,34.65,34.65
600077.SH,58.73,58.73
600078.SH,46.35,46.35
600079.SH,48.78,48.78
600080.SH,43.75,43.75
600081.SH,67.95,67.95
600082.SH,33.29,33.29
600083.SH,58.79,58.79
600084.SH,51.72,51.72
600085.SH,76.29,76.29
600086.SH,60.1,60.1
600088.SH,62.09,62.09
600089.SH,37.59,37.59
600090.SH,63.55,63.55
600091.SH,47.68,47.68
600093.SH,78.82,78.82
600094.SH,46.62,46.62
600095.SH,23.55,23.55
600096.SH,64.36,64.36
600097.SH,65.09,65.09
600098.SH,84.48,84.48
600099.SH,55.56,55.56
600100.SH,56.13,56.13
600101.SH,40.06,40.06
600103.SH,52.41,52.41
600104.SH,85.14,85.14
600105.SH,47.59,47.59
600106.SH,34.29,34.29
600107.SH,28.71,28.71
600108.SH,30.91,30.91
600109.SH,43.57,43.57
600110.SH,14.33,14.33
600111.SH,51.66,51.66
600112.SH,22.61,22.61
600113.SH,52.27,52.27
600114.SH,38.6,38.6
600115.SH,82.73,82.73
600116.SH,59.39,59.39
600117.SH,66.77,66.77
600118.SH,58.13,58.13
600119.SH,41.32,41.32
600120.SH,66.02,66.02
600121.SH,66.33,66.33
600122.SH,41.63,41.63
600123.SH,50.47,50.47
600125.SH,41.44,41.44
600126.SH,87.59,87.59
600127.SH,33.47,33.47
600128.SH,30.17,30.17
600129.SH,55.54,55.54
600130.SH,21.18,21.18
600131.SH,56.81,56.81
600132.SH,78.36,78.36
600133.SH,37.96,37.96
600135.SH,37.91,37.91
600136.SH,62.88,62.88
600137.SH,67.81,67.81
600138.SH,44.69,44.69
600139.SH,47.17,47.17
600141.SH,46.35,46.35
600143.SH,48.91,48.91
600145.SH,72.08,72.08
600146.SH,58.45,58.45
600148.SH,57.44,57.44
600149.SH,41.94,41.94
600150.SH,64.14,64.14
600151.SH,44.27,44.27
600152.SH,58.52,58.52
600153.SH,60.27,60.27
600155.SH,61.8,61.8
600156.SH,45.7,45.7
600157.SH,60.26,60.26
600158.SH,32.4841,32.4841
600159.SH,51.52,51.52
600160.SH,65.58,65.58
600161.SH,67.77,67.77
600162.SH,67.85,67.85
600163.SH,59.74,59.74
600165.SH,53.62,53.62
600166.SH,43.34,43.34
600167.SH,89.01,89.01
600168.SH,62.73,62.73
600169.SH,43.38,43.38
600170.SH,63.46,63.46
600171.SH,35.11,35.11
600172.SH,40.52,40.52
600173.SH,53.61,53.61
600175.SH,58.97,58.97
600176.SH,53.94,53.94
600177.SH,56.75,56.75
600178.SH,54.57,54.57
600179.SH,76.14,76.14
600180.SH,80.81,80.81
600182.SH,49.96,49.96
600183.SH,63.85,63.85
600184.SH,75.14,75.14
600185.SH,72.31,72.31
600186.SH,19.11,19.11
600187.SH,31.93,31.93
600188.SH,88.24,88.24
600189.SH,68.08,68.08
600190.SH,68.66,68.66
600191.SH,57.65,57.65
600192.SH,43.96,43.96
600193.SH,38.87,38.87
600195.SH,60.76,60.76
600196.SH,66.21,66.21
600197.SH,57.51,57.51
600198.SH,41.57,41.57
600199.SH,40.18,40.18
600200.SH,25.16,25.16
600201.SH,31.55,31.55
600202.SH,40.81,40.81
600203.SH,50.94,50.94
600206.SH,42.59,42.59
600207.SH,69.75,69.75
600208.SH,68.58,68.58
600209.SH,38.35,38.35
600210.SH,30.11,30.11
600211.SH,67.43,67.43
600212.SH,18.41,18.41
600213.SH,59.18,59.18
600215.SH,37.01,37.01
600216.SH,46.18,46.18
600217.SH,55.92,55.92
600218.SH,38.56,38.56
600219.SH,56.38,56.38
600220.SH,40.38,40.38
600221.SH,53.95,53.95
600222.SH,43.4,43.4
600223.SH,68.37,68.37
600225.SH,57.29,57.29
600226.SH,58.1,58.1
600227.SH,48.36,48.36
600228.SH,34.93,34.93
600229.SH,65.69,65.69
600230.SH,52.26,52.26
600231.SH,75.59,75.59
600232.SH,53.22,53.22
600233.SH,89.42,89.42
600234.SH,50.21,50.21
600235.SH,38.81,38.81
600236.SH,90.78,90.78
600237.SH,21.77,21.77
600238.SH,53.67,53.67
600239.SH,48.86,48.86
600240.SH,44.52,44.52
600241.SH,69.94,69.94
600242.SH,64.96,64.96
600243.SH,59.91,59.91
600246.SH,76.17,76.17
600247.SH,16.59,16.59
600248.SH,71.52,71.52
600249.SH,42.73,42.73
600250.SH,51.65,51.65
600251.SH,57.08,57.08
600252.SH,40.94,40.94
600255.SH,14.71,14.71
600256.SH,56.78,56.78
600257.SH,32.14,32.14
600258.SH,67.86,67.86
600259.SH,55.9,55.9
600260.SH,39.23,39.23
600261.SH,52.46,52.46
600262.SH,65.07,65.07
600265.SH,75.39,75.39
600266.SH,50.73,50.73
600267.SH,51.89,51.89
600268.SH,57.38,57.38
600269.SH,55.88,55.88
600271.SH,54.92,54.92
600272.SH,32.94,32.94
600273.SH,57.43,57.43
600275.SH,42.27,42.27
600276.SH,72.24,72.24
600277.SH,64.42,64.42
600278.SH,69.96,69.96
600279.SH,45.84,45.84
600280.SH,63.55,63.55
600281.SH,47.82,47.82
600282.SH,53,53
600283.SH,72.54,72.54
600284.SH,38.32,38.32
600285.SH,38.67,38.67
600287.SH,53.52,53.52
600288.SH,38.17,38.17
600289.SH,41.87,41.87
600290.SH,49.79,49.79
600291.SH,62.82,62.82
600292.SH,56.14,56.14
600293.SH,69.99,69.99
600295.SH,62.72,62.72
600297.SH,74.17,74.17
600298.SH,66.51,66.51
600299.SH,90.85,90.85
600300.SH,50.14,50.14
600301.SH,42.11,42.11
600302.SH,51.01,51.01
600303.SH,33.33,33.33
600305.SH,54.46,54.46
600306.SH,44.24,44.24
600307.SH,56.52,56.52
600308.SH,40.92,40.92
600309.SH,62.71,62.71
600310.SH,56.32,56.32
600311.SH,19.18,19.18
600312.SH,56.23,56.23
600313.SH,48.95,48.95
600315.SH,65.53,65.53
600316.SH,52.62,52.62
600317.SH,83.24,83.24
600318.SH,62.59,62.59
600319.SH,46.97,46.97
600320.SH,53.709,53.709
600321.SH,50.82,50.82
600322.SH,41.79,41.79
600323.SH,62.66,62.66
600325.SH,42.09,42.09
600326.SH,31.56,31.56
600327.SH,52.61,52.61
600328.SH,38.76,38.76
600329.SH,61.116,61.116
600330.SH,35.31,35.31
600331.SH,56.06,56.06
600332.SH,75.35,75.35
600333.SH,62.25,62.25
600335.SH,73.02,73.02
600336.SH,52.7,52.7
600337.SH,59.21,59.21
600338.SH,82.41,82.41
600339.SH,81.96,81.96
600340.SH,68.27,68.27
600343.SH,45.52,45.52
600345.SH,53.57,53.57
600346.SH,81.64,81.64
600348.SH,61.76,61.76
600350.SH,88.4,88.4
600351.SH,38.96,38.96
600352.SH,34.26,34.26
600353.SH,48.22,48.22
600354.SH,37.88,37.88
600355.SH,27.08,27.08
600356.SH,45.14,45.14
600358.SH,42.9,42.9
600359.SH,42.74,42.74
600360.SH,27.33,27.33
600361.SH,59.49,59.49
600362.SH,79.65,79.65
600363.SH,33.44,33.44
600365.SH,33.28,33.28
600366.SH,46.84,46.84
600367.SH,38.88,38.88
600368.SH,52.1,52.1
600369.SH,59.56,59.56
600370.SH,58.74,58.74
600371.SH,54.34,54.34
600372.SH,80.69,80.69
600373.SH,69.76,69.76
600375.SH,31.8,31.8
600376.SH,73.16,73.16
600377.SH,77.25,77.25
600378.SH,87.82,87.82
600379.SH,52.67,52.67
600380.SH,59.9,59.9
600381.SH,68.1371,68.1371
600382.SH,50.99,50.99
600383.SH,65.75,65.75
600385.SH,56.74,56.74
600386.SH,57.83,57.83
600387.SH,44.08,44.08
600388.SH,40.01,40.01
600389.SH,65.57,65.57
600390.SH,80.63,80.63
600391.SH,39.25,39.25
600392.SH,48.81,48.81
600393.SH,68.83,68.83
600395.SH,72.44,72.44
600396.SH,63.67,63.67
600397.SH,42.68,42.68
600398.SH,85.69,85.69
600399.SH,50.5,50.5
600400.SH,76.71,76.71
600401.SH,8.81,8.81
600403.SH,92.04,92.04
600405.SH,22.15,22.15
600406.SH,73.72,73.72
600408.SH,35.44,35.44
600409.SH,53.27,53.27
600410.SH,28.83,28.83
600415.SH,69.3,69.3
600416.SH,50.29,50.29
600418.SH,53.92,53.92
600419.SH,52.16,52.16
600420.SH,72.27,72.27
600421.SH,59.26,59.26
600422.SH,44.82,44.82
600423.SH,50.4,50.4
600425.SH,37.96,37.96
600426.SH,48.98,48.98
600428.SH,66.28,66.28
600429.SH,82.76,82.76
600433.SH,40.87,40.87
600435.SH,51.41,51.41
600436.SH,69.42,69.42
600438.SH,69.15,69.15
600439.SH,47.19,47.19
600444.SH,60.57,60.57
600446.SH,49.28,49.28
600448.SH,39.77,39.77
600449.SH,51.73,51.73
600452.SH,60.75,60.75
600455.SH,40.09,40.09
600456.SH,62.98,62.98
600458.SH,53.23,53.23
600459.SH,43.51,43.51
600460.SH,48.08,48.08
600461.SH,61.7861,61.7861
600462.SH,27.11,27.11
600463.SH,68.11,68.11
600466.SH,67.39,67.39
600467.SH,43.91,43.91
600468.SH,67.31,67.31
600469.SH,56.11,56.11
600470.SH,35.53,35.53
600475.SH,76.45,76.45
600476.SH,50.18,50.18
600477.SH,51.95,51.95
600478.SH,40.79,40.79
600479.SH,45.85,45.85
600480.SH,52.81,52.81
600481.SH,57.55,57.55
600482.SH,78.39,78.39
600483.SH,82.87,82.87
600485.SH,52.87,52.87
600486.SH,55.09,55.09
600487.SH,38.98,38.98
600488.SH,59.12,59.12
600489.SH,57.28,57.28
600490.SH,51.66,51.66
600491.SH,62.73,62.73
600493.SH,41.49,41.49
600495.SH,34.34,34.34
600496.SH,41.69,41.69
600497.SH,59.76,59.76
600498.SH,50.89,50.89
600499.SH,45.6,45.6
600500.SH,65.09,65.09
600501.SH,52.46,52.46
600502.SH,52.09,52.09
600503.SH,17.71,17.71
600505.SH,61.02,61.02
600506.SH,37.78,37.78
600507.SH,60.87,60.87
600508.SH,66.49,66.49
600509.SH,55.94,55.94
600510.SH,80.11,80.11
600511.SH,69.83,69.83
600512.SH,27.53,27.53
600513.SH,46.75,46.75
600515.SH,83.51,83.51
600516.SH,44.58,44.58
600517.SH,58.19,58.19
600518.SH,55.54,55.54
600519.SH,77.53,77.53
600520.SH,50.58,50.58
600521.SH,56.32,56.32
600522.SH,39.16,39.16
600523.SH,58.18,58.18
600525.SH,30.85,30.85
600526.SH,47.95,47.95
600527.SH,39.02,39.02
600528.SH,70.69,70.69
600529.SH,42.51,42.51
600530.SH,58.74,58.74
600531.SH,44.1,44.1
600532.SH,46.99,46.99
600533.SH,53.4,53.4
600535.SH,58.71,58.71
600536.SH,53.83,53.83
600537.SH,37.7,37.7
600538.SH,56.5,56.5
600539.SH,62.81,62.81
600540.SH,51.29,51.29
600543.SH,45.37,45.37
600545.SH,70.45,70.45
600546.SH,68.06,68.06
600547.SH,54.51,54.51
600548.SH,91.9,91.9
600549.SH,59.86,59.86
600550.SH,66.86,66.86
600551.SH,74.39,74.39
600552.SH,33.75,33.75
600555.SH,42.18,42.18
600556.SH,25.17,25.17
600557.SH,55.21,55.21
600558.SH,39.22,39.22
600559.SH,51.12,51.12
600560.SH,48.25,48.25
600561.SH,37.35,37.35
600562.SH,60.28,60.28
600563.SH,67.144,67.144
600565.SH,52.84,52.84
600566.SH,75.11,75.11
600567.SH,41.76,41.76
600568.SH,49.26,49.26
600569.SH,62.92,62.92
600570.SH,35.72,35.72
600571.SH,33.88,33.88
600572.SH,49.82,49.82
600573.SH,56.27,56.27
600575.SH,71.23,71.23
600576.SH,56.65,56.65
600577.SH,43.47,43.47
600578.SH,88.62,88.62
600579.SH,59.53,59.53
600580.SH,60.83,60.83
600581.SH,53.55,53.55
600582.SH,73.98,73.98
600583.SH,74.14,74.14
600584.SH,54.24,54.24
600585.SH,77.06,77.06
600586.SH,42.99,42.99
600587.SH,59.01,59.01
600588.SH,60.83,60.83
600589.SH,49.58,49.58
600590.SH,50.58,50.58
600592.SH,48.63,48.63
600593.SH,58.05,58.05
600594.SH,35.88,35.88
600595.SH,59.98,59.98
600596.SH,28.15,28.15
600597.SH,62.9,62.9
600598.SH,67.75,67.75
600599.SH,63.54,63.54
600600.SH,85.6,85.6
600601.SH,20.8,20.8
600602.SH,39.86,39.86
600603.SH,73.19,73.19
600604.SH,47.85,47.85
600605.SH,50.43,50.43
600606.SH,84.04,84.04
600608.SH,28.81,28.81
600609.SH,51.11,51.11
600610.SH,40.66,40.66
600611.SH,29.89,29.89
600612.SH,53.7,53.7
600613.SH,59.01,59.01
600614.SH,44.37,44.37
600615.SH,48.89,48.89
600616.SH,47.93,47.93
600617.SH,68.54,68.54
600618.SH,50.36,50.36
600619.SH,54.76,54.76
600620.SH,61.18,61.18
600621.SH,65.95,65.95
600622.SH,57.57,57.57
600623.SH,73.7,73.7
600624.SH,34.61,34.61
600626.SH,44.96,44.96
600628.SH,55.73,55.73
600629.SH,73.08,73.08
600630.SH,33.96,33.96
600633.SH,64.32,64.32
600634.SH,39.56,39.56
600635.SH,42.4,42.4
600636.SH,48.62,48.62
600637.SH,60.16,60.16
600638.SH,64.25,64.25
600639.SH,61.78,61.78
600640.SH,77.33,77.33
600641.SH,58.81,58.81
600642.SH,65.9,65.9
600643.SH,56.2,56.2
600644.SH,66.76,66.76
600645.SH,40.72,40.72
600647.SH,53.83,53.83
600648.SH,63.58,63.58
600649.SH,66.79,66.79
600650.SH,42.11,42.11
600651.SH,45.63,45.63
600652.SH,42.2,42.2
600653.SH,28.95,28.95
600654.SH,48.14,48.14
600655.SH,66.16,66.16
600657.SH,82.16,82.16
600658.SH,71.24,71.24
600660.SH,62.9,62.9
600661.SH,67.21,67.21
600662.SH,48.22,48.22
600663.SH,65.8,65.8
600664.SH,57.18,57.18
600665.SH,63.34,63.34
600666.SH,46.83,46.83
600667.SH,63.15,63.15
600668.SH,28.62,28.62
600671.SH,64.26,64.26
600673.SH,60.26,60.26
600674.SH,74.93,74.93
600675.SH,83.19,83.19
600676.SH,55.48,55.48
600677.SH,36.1,36.1
600678.SH,29.1,29.1
600679.SH,42.8462,42.8462
600681.SH,77.25,77.25
600682.SH,63.62,63.62
600683.SH,69.24,69.24
600684.SH,40.52,40.52
600685.SH,82.77,82.77
600686.SH,65.17,65.17
600687.SH,67.33,67.33
600688.SH,88.77,88.77
600689.SH,34.1,34.1
600690.SH,60.47,60.47
600691.SH,53.79,53.79
600692.SH,36.6,36.6
600693.SH,68.23,68.23
600694.SH,62.51,62.51
600695.SH,32.67,32.67
600696.SH,38.51,38.51
600697.SH,54.71,54.71
600698.SH,32.87,32.87
600699.SH,61.43,61.43
600701.SH,37.69,37.69
600702.SH,43.13,43.13
600703.SH,58.99,58.99
600704.SH,70.55,70.55
600705.SH,55.24,55.24
600706.SH,58.24,58.24
600707.SH,86.85,86.85
600708.SH,62.71,62.71
600710.SH,61.65,61.65
600711.SH,37.41,37.41
600712.SH,51.35,51.35
600713.SH,52.78,52.78
600714.SH,67.27,67.27
600715.SH,66.6,66.6
600716.SH,58.26,58.26
600717.SH,61.26,61.26
600718.SH,38.634,38.634
600719.SH,46.65,46.65
600720.SH,36.92,36.92
600721.SH,54.4,54.4
600722.SH,58.68,58.68
600723.SH,64.87,64.87
600724.SH,80.4,80.4
600725.SH,48.19,48.19
600726.SH,47.88,47.88
600727.SH,45.59,45.59
600728.SH,42.15,42.15
600729.SH,60.8,60.8
600730.SH,28.96,28.96
600731.SH,44.31,44.31
600732.SH,35.04,35.04
600733.SH,64.29,64.29
600734.SH,57.1,57.1
600735.SH,56.16,56.16
600736.SH,52.91,52.91
600737.SH,64.4,64.4
600738.SH,68.44,68.44
600739.SH,44.19,44.19
600740.SH,73.02,73.02
600741.SH,75.18,75.18
600742.SH,43.93,43.93
600743.SH,71.21,71.21
600744.SH,72.91,72.91
600745.SH,66.83,66.83
600746.SH,62.31,62.31
600747.SH,42.24,42.24
600748.SH,73.3,73.3
600749.SH,66.72,66.72
600750.SH,50.48,50.48
600751.SH,58.08,58.08
600753.SH,65.31,65.31
600754.SH,69.35,69.35
600755.SH,39.33,39.33
600756.SH,25.66,25.66
600757.SH,64.18,64.18
600758.SH,68.39,68.39
600759.SH,51.13,51.13
600760.SH,82.45,82.45
600761.SH,52.72,52.72
600763.SH,50.94,50.94
600764.SH,80.55,80.55
600765.SH,48.44,48.44
600766.SH,38.79,38.79
600767.SH,31.74,31.74
600768.SH,51.54,51.54
600769.SH,35.79,35.79
600770.SH,53.02,53.02
600771.SH,48.92,48.92
600773.SH,55.28,55.28
600774.SH,81.24,81.24
600775.SH,66.65,66.65
600776.SH,51.462,51.462
600777.SH,44.67,44.67
600778.SH,41.63,41.63
600779.SH,75.44,75.44
600780.SH,71.1,71.1
600781.SH,77.36,77.36
600782.SH,65.1,65.1
600783.SH,71.03,71.03
600784.SH,31.97,31.97
600785.SH,83.29,83.29
600787.SH,69.33,69.33
600789.SH,35.41,35.41
600790.SH,50.34,50.34
600791.SH,48.64,48.64
600792.SH,73.1,73.1
600793.SH,59.18,59.18
600794.SH,41.83,41.83
600795.SH,61.03,61.03
600796.SH,38.3,38.3
600797.SH,30.54,30.54
600798.SH,53.35,53.35
600800.SH,30.63,30.63
600801.SH,66.06,66.06
600802.SH,41.2,41.2
600803.SH,63.3,63.3
600804.SH,33.59,33.59
600805.SH,53.59,53.59
600807.SH,38.56,38.56
600808.SH,75.06,75.06
600809.SH,77.93,77.93
600810.SH,54.03,54.03
600811.SH,52.01,52.01
600812.SH,66.4,66.4
600814.SH,71.34,71.34
600815.SH,51.83,51.83
600816.SH,70.3,70.3
600817.SH,45.23,45.23
600818.SH,49.38,49.38
600819.SH,58.9,58.9
600820.SH,53.78,53.78
600821.SH,34.84,34.84
600822.SH,50.65,50.65
600823.SH,75.84,75.84
600824.SH,43.28,43.28
600825.SH,57.42,57.42
600826.SH,60.66,60.66
600827.SH,61.93,61.93
600828.SH,88.43,88.43
600829.SH,82.28,82.28
600830.SH,41.44,41.44
600831.SH,43.71,43.71
600833.SH,54.14,54.14
600834.SH,63.43,63.43
600835.SH,58.82,58.82
600836.SH,30.27,30.27
600837.SH,52,52
600838.SH,32.63,32.63
600839.SH,32.53,32.53
600841.SH,52.87,52.87
600843.SH,30.22,30.22
600844.SH,40.89,40.89
600845.SH,56.15,56.15
600846.SH,26.31,26.31
600847.SH,44.82,44.82
600848.SH,67.85,67.85
600850.SH,60.45,60.45
600851.SH,34.73,34.73
600853.SH,47.22,47.22
600854.SH,42.37,42.37
600855.SH,41.34,41.34
600856.SH,45.88,45.88
600857.SH,45.02,45.02
600858.SH,62.66,62.66
600859.SH,70.33,70.33
600860.SH,71.02,71.02
600861.SH,39.95,39.95
600862.SH,71.24,71.24
600863.SH,65.82,65.82
600864.SH,72.3,72.3
600865.SH,48.58,48.58
600866.SH,43.44,43.44
600867.SH,55.23,55.23
600868.SH,17.36,17.36
600869.SH,69.86,69.86
600870.SH,50.64,50.64
600871.SH,92.1,92.1
600872.SH,48.72,48.72
600873.SH,49.4,49.4
600874.SH,76.4,76.4
600875.SH,75.36,75.36
600876.SH,81.51,81.51
600877.SH,25.43,25.43
600879.SH,36.45,36.45
600880.SH,40.58,40.58
600881.SH,46.13,46.13
600882.SH,59.36,59.36
600883.SH,53.78,53.78
600884.SH,56.42,56.42
600885.SH,69.53,69.53
600886.SH,70.02,70.02
600887.SH,38.52,38.52
600888.SH,40.06,40.06
600889.SH,55.93,55.93
600890.SH,46.98,46.98
600891.SH,58.3,58.3
600892.SH,66.08,66.08
600893.SH,65.16,65.16
600894.SH,68.21,68.21
600895.SH,59.2,59.2
600896.SH,60.81,60.81
600897.SH,75.01,75.01
600898.SH,47.61,47.61
600900.SH,87.14,87.14
600901.SH,79.3,79.3
600903.SH,82.15,82.15
600908.SH,35.89,35.89
600909.SH,63.54,63.54
600917.SH,89.9,89.9
600919.SH,40.01,40.01
600926.SH,64.99,64.99
600928.SH,74.38,74.38
600929.SH,80.74,80.74
600933.SH,81,81
600936.SH,52.32,52.32
600939.SH,89.93,89.93
600958.SH,63.37,63.37
600959.SH,52.54,52.54
600960.SH,55.15,55.15
600961.SH,51.07,51.07
600962.SH,52.65,52.65
600963.SH,54.86,54.86
600965.SH,71.53,71.53
600966.SH,36.76,36.76
600967.SH,64.27,64.27
600968.SH,81.7183,81.7183
600969.SH,42.6,42.6
600970.SH,49.99,49.99
600971.SH,62.61,62.61
600973.SH,58.01,58.01
600975.SH,56.7,56.7
600976.SH,44.36,44.36
600977.SH,77.37,77.37
600978.SH,42.43,42.43
600979.SH,60.75,60.75
600980.SH,43.64,43.64
600981.SH,84.4,84.4
600982.SH,43.14,43.14
600983.SH,79.32,79.32
600984.SH,52.76,52.76
600985.SH,87.69,87.69
600986.SH,31.85,31.85
600987.SH,65.5,65.5
600988.SH,75.7505,75.7505
600989.SH,87.01,87.01
600990.SH,58.89,58.89
600992.SH,47.37,47.37
600993.SH,46.69,46.69
600995.SH,35.89,35.89
600996.SH,77.92,77.92
600997.SH,69.65,69.65
600998.SH,72.56,72.56
600999.SH,77.9861,77.9861
601000.SH,64,64
601001.SH,63.28,63.28
601002.SH,45.9,45.9
601003.SH,85.05,85.05
601005.SH,49.63,49.63
601006.SH,82.14,82.14
601007.SH,62.34,62.34
601008.SH,51.81,51.81
601009.SH,47.03,47.03
601010.SH,54.82,54.82
601011.SH,74.5989,74.5989
601012.SH,53.02,53.02
601015.SH,76.13,76.13
601016.SH,68.26,68.26
601018.SH,85.45,85.45
601019.SH,86.13,86.13
601020.SH,75.09,75.09
601021.SH,74.52,74.52
601028.SH,53.24,53.24
601038.SH,84.52,84.52
601058.SH,41.87,41.87
601066.SH,94.91,94.91
601068.SH,90.44,90.44
601069.SH,69.82,69.82
601086.SH,76.58,76.58
601088.SH,94.27,94.27
601098.SH,82.07,82.07
601099.SH,24.77,24.77
601100.SH,82.03,82.03
601101.SH,69.04,69.04
601106.SH,68.05,68.05
601107.SH,87.17,87.17
601108.SH,51.44,51.44
601111.SH,89.15,89.15
601113.SH,70.16,70.16
601116.SH,77.58,77.58
601117.SH,75.15,75.15
601118.SH,72.93,72.93
601126.SH,64.7465,64.7465
601127.SH,82.26,82.26
601128.SH,25.79,25.79
601137.SH,73.69,73.69
601138.SH,86.9302,86.9302
601139.SH,86.56,86.56
601155.SH,72.04,72.04
601158.SH,92.45,92.45
601162.SH,56.79,56.79
601163.SH,72.12,72.12
601166.SH,48.49,48.49
601168.SH,38,38
601169.SH,53.33,53.33
601177.SH,60.26,60.26
601179.SH,77.14,77.14
601186.SH,79.36,79.36
601188.SH,71.68,71.68
601198.SH,68.96,68.96
601199.SH,66.21,66.21
601200.SH,59.82,59.82
601208.SH,41.97,41.97
601211.SH,61.44,61.44
601212.SH,88.45,88.45
601216.SH,73.2,73.2
601218.SH,40.91,40.91
601222.SH,55.75,55.75
601225.SH,80.14,80.14
601226.SH,71.3,71.3
601228.SH,89.05,89.05
601229.SH,51.65,51.65
601231.SH,87.5,87.5
601233.SH,53.91,53.91
601238.SH,97.32,97.32
601258.SH,34.6422,34.6422
601288.SH,93.49,93.49
601298.SH,93.13,93.13
601311.SH,60.22,60.22
601318.SH,59.54,59.54
601319.SH,97.66,97.66
601326.SH,88.44,88.44
601328.SH,78.62,78.62
601330.SH,90.2248,90.2248
601333.SH,65.42,65.42
601336.SH,82.76,82.76
601339.SH,80.68,80.68
601360.SH,79,79
601366.SH,48.97,48.97
601368.SH,71.5,71.5
601369.SH,74.39,74.39
601375.SH,78.18,78.18
601377.SH,45.31,45.31
601388.SH,47.84,47.84
601390.SH,81.96,81.96
601398.SH,96.54,96.54
601500.SH,80.96,80.96
601515.SH,77.99,77.99
601518.SH,70.03,70.03
601519.SH,63.87,63.87
601555.SH,47.14,47.14
601558.SH,35.52,35.52
601566.SH,78.55,78.55
601567.SH,72.37,72.37
601577.SH,68.76,68.76
601579.SH,76.17,76.17
601588.SH,66.942,66.942
601595.SH,77.32,77.32
601598.SH,86.12,86.12
601599.SH,44.69,44.69
601600.SH,70.78,70.78
601601.SH,79.18,79.18
601606.SH,79.81,79.81
601607.SH,73.5,73.5
601608.SH,74.12,74.12
601611.SH,79.51,79.51
601615.SH,67.69,67.69
601616.SH,37.67,37.67
601618.SH,79.56,79.56
601619.SH,82.79,82.79
601628.SH,97.65,97.65
601633.SH,93.43,93.43
601636.SH,50.19,50.19
601666.SH,60.88,60.88
601668.SH,75.06,75.06
601669.SH,80.13,80.13
601677.SH,51.61,51.61
601678.SH,36.4,36.4
601688.SH,63.68,63.68
601689.SH,75.01,75.01
601699.SH,70.49,70.49
601700.SH,58.6,58.6
601717.SH,56.03,56.03
601718.SH,70.67,70.67
601727.SH,86.57,86.57
601766.SH,80.96,80.96
601777.SH,54.03,54.03
601788.SH,71.58,71.58
601789.SH,49.23,49.23
601798.SH,68.67,68.67
601799.SH,67.72,67.72
601800.SH,93.89,93.89
601801.SH,82.16,82.16
601808.SH,92.58,92.58
601811.SH,91.74,91.74
601818.SH,77.6849,77.6849
601828.SH,91.52,91.52
601838.SH,63.78,63.78
601857.SH,97.79,97.79
601858.SH,85.79,85.79
601860.SH,29.7,29.7
601865.SH,90.88,90.88
601866.SH,80.82,80.82
601869.SH,90.31,90.31
601872.SH,73.93,73.93
601877.SH,68.66,68.66
601878.SH,77.86,77.86
601880.SH,83.49,83.49
601881.SH,91.07,91.07
601882.SH,87.47,87.47
601886.SH,74.39,74.39
601888.SH,76.37,76.37
601890.SH,41.5,41.5
601898.SH,92.14,92.14
601899.SH,60.63,60.63
601900.SH,75.58,75.58
601901.SH,79.8,79.8
601908.SH,67.46,67.46
601918.SH,49.38,49.38
601919.SH,79.14,79.14
601928.SH,79.24,79.24
601929.SH,50.35,50.35
601933.SH,65.5,65.5
601939.SH,97.41,97.41
601949.SH,81.36,81.36
601952.SH,74.94,74.94
601958.SH,79.97,79.97
601965.SH,73.69,73.69
601966.SH,76.89,76.89
601968.SH,64.22,64.22
601969.SH,88.86,88.86
601975.SH,59.04,59.04
601985.SH,79.51,79.51
601988.SH,96.47,96.47
601989.SH,63.93,63.93
601990.SH,63.3,63.3
601991.SH,92.39,92.39
601992.SH,77.183,77.183
601996.SH,57.95,57.95
601997.SH,41.99,41.99
601998.SH,98.06,98.06
601999.SH,72.48,72.48
603000.SH,66.79,66.79
603001.SH,72.78,72.78
603002.SH,44.7,44.7
603003.SH,62.94,62.94
603005.SH,55.72,55.72
603006.SH,69,69
603007.SH,69.7,69.7
603008.SH,62.88,62.88
603009.SH,62.75,62.75
603010.SH,59.17,59.17
603011.SH,66.6,66.6
603012.SH,52.57,52.57
603013.SH,88.56,88.56
603015.SH,63.12,63.12
603016.SH,73.85,73.85
603017.SH,56.63,56.63
603018.SH,25.77,25.77
603019.SH,43,43
603020.SH,55.96,55.96
603021.SH,52.46,52.46
603022.SH,68.69,68.69
603023.SH,70.71,70.71
603025.SH,89.81,89.81
603026.SH,45.36,45.36
603027.SH,65.88,65.88
603028.SH,61.8,61.8
603029.SH,72.05,72.05
603030.SH,61.89,61.89
603031.SH,65.42,65.42
603032.SH,70.15,70.15
603033.SH,77.9,77.9
603035.SH,61.08,61.08
603036.SH,44.96,44.96
603037.SH,50.72,50.72
603038.SH,75.41,75.41
603039.SH,77.01,77.01
603040.SH,73.83,73.83
603041.SH,73.39,73.39
603042.SH,65.76,65.76
603043.SH,76.76,76.76
603045.SH,52.72,52.72
603050.SH,42.91,42.91
603055.SH,88.28,88.28
603056.SH,87.23,87.23
603058.SH,84.12,84.12
603059.SH,77.61,77.61
603060.SH,79.97,79.97
603063.SH,50.72,50.72
603066.SH,61.26,61.26
603067.SH,60.26,60.26
603068.SH,61.03,61.03
603069.SH,75.21,75.21
603076.SH,68.13,68.13
603077.SH,66.75,66.75
603078.SH,67.87,67.87
603079.SH,74.56,74.56
603080.SH,68.36,68.36
603081.SH,66.04,66.04
603083.SH,58.45,58.45
603085.SH,70.11,70.11
603086.SH,67.31,67.31
603088.SH,64.46,64.46
603089.SH,78.86,78.86
603090.SH,68.95,68.95
603096.SH,81.26,81.26
603098.SH,81.67,81.67
603099.SH,75.45,75.45
603100.SH,64.66,64.66
603101.SH,75.72,75.72
603103.SH,89.91,89.91
603105.SH,57.4,57.4
603106.SH,64.22,64.22
603108.SH,53.11,53.11
603110.SH,67.69,67.69
603111.SH,34.91,34.91
603113.SH,67.88,67.88
603116.SH,70.08,70.08
603117.SH,46.43,46.43
603118.SH,56.84,56.84
603121.SH,70.95,70.95
603123.SH,69.66,69.66
603126.SH,64.12,64.12
603127.SH,70.83,70.83
603128.SH,57.7,57.7
603129.SH,64.02,64.02
603131.SH,77.75,77.75
603133.SH,65.38,65.38
603136.SH,77.02,77.02
603138.SH,70.34,70.34
603139.SH,69.71,69.71
603156.SH,77.28,77.28
603157.SH,45.23,45.23
603158.SH,74.93,74.93
603159.SH,73.26,73.26
603160.SH,85.34,85.34
603161.SH,72.96,72.96
603165.SH,75.96,75.96
603166.SH,76.87,76.87
603167.SH,49.25,49.25
603168.SH,63.15,63.15
603169.SH,74.18,74.18
603177.SH,96.1,96.1
603178.SH,75.4,75.4
603179.SH,66.29,66.29
603180.SH,73.68,73.68
603181.SH,65.96,65.96
603183.SH,44.08,44.08
603185.SH,75.96,75.96
603186.SH,59.91,59.91
603187.SH,59.5814,59.5814
603188.SH,44.96,44.96
603189.SH,64.82,64.82
603192.SH,76.51,76.51
603196.SH,75.32,75.32
603197.SH,56.47,56.47
603198.SH,82.92,82.92
603199.SH,70.64,70.64
603200.SH,74.09,74.09
603203.SH,73.89,73.89
603208.SH,72.49,72.49
603214.SH,72.95,72.95
603217.SH,71.7884,71.7884
603218.SH,87.93,87.93
603220.SH,59.46,59.46
603222.SH,66.66,66.66
603223.SH,68.64,68.64
603225.SH,81.77,81.77
603226.SH,75.8,75.8
603227.SH,50.29,50.29
603228.SH,87.16,87.16
603229.SH,75.7,75.7
603232.SH,66.31,66.31
603233.SH,80.06,80.06
603238.SH,75,75
603239.SH,73.29,73.29
603258.SH,74.1,74.1
603259.SH,72.8834,72.8834
603260.SH,89.67,89.67
603266.SH,71.57,71.57
603267.SH,62.3,62.3
603268.SH,64.64,64.64
603269.SH,60.2,60.2
603277.SH,82.33,82.33
603278.SH,75.1,75.1
603283.SH,76.21,76.21
603286.SH,67.9,67.9
603288.SH,83.23,83.23
603289.SH,75.45,75.45
603297.SH,75.71,75.71
603298.SH,73.53,73.53
603299.SH,74.27,74.27
603300.SH,44.72,44.72
603301.SH,71.01,71.01
603303.SH,77.57,77.57
603305.SH,86.1,86.1
603306.SH,66.7,66.7
603308.SH,47.01,47.01
603309.SH,68.76,68.76
603311.SH,61.94,61.94
603313.SH,76.97,76.97
603315.SH,76.02,76.02
603316.SH,66.25,66.25
603317.SH,96.89,96.89
603318.SH,91.2,91.2
603319.SH,45.69,45.69
603320.SH,74.34,74.34
603321.SH,75.6,75.6
603322.SH,75.31,75.31
603323.SH,31.75,31.75
603326.SH,77.81,77.81
603327.SH,87.3653,87.3653
603328.SH,77.1,77.1
603329.SH,72.08,72.08
603330.SH,69.08,69.08
603331.SH,72.59,72.59
603332.SH,67.38,67.38
603333.SH,69.3,69.3
603335.SH,71,71
603336.SH,68.75,68.75
603337.SH,82.29,82.29
603338.SH,72.77,72.77
603339.SH,57.46,57.46
603345.SH,73.73,73.73
603348.SH,70.97,70.97
603351.SH,71.68,71.68
603355.SH,89.08,89.08
603356.SH,67.97,67.97
603357.SH,56.42,56.42
603358.SH,76.83,76.83
603359.SH,66.99,66.99
603360.SH,71.79,71.79
603363.SH,67.94,67.94
603365.SH,65.35,65.35
603366.SH,67.85,67.85
603367.SH,69.98,69.98
603368.SH,46.41,46.41
603369.SH,71.41,71.41
603377.SH,79.05,79.05
603378.SH,72.6,72.6
603379.SH,79.79,79.79
603380.SH,75.3,75.3
603383.SH,70.23,70.23
603385.SH,68.99,68.99
603386.SH,73.94,73.94
603387.SH,64.6481,64.6481
603388.SH,68.65,68.65
603389.SH,72.43,72.43
603393.SH,56.6,56.6
603396.SH,76.62,76.62
603398.SH,74.33,74.33
603399.SH,62.46,62.46
603416.SH,76.53,76.53
603421.SH,74.89,74.89
603429.SH,75.94,75.94
603444.SH,61.69,61.69
603456.SH,64.52,64.52
603458.SH,25.17,25.17
603466.SH,71.55,71.55
603477.SH,66.79,66.79
603486.SH,86.15,86.15
603488.SH,65.89,65.89
603496.SH,62.97,62.97
603499.SH,77.34,77.34
603500.SH,72.89,72.89
603501.SH,74.15,74.15
603505.SH,63.43,63.43
603506.SH,76.96,76.96
603507.SH,69.3,69.3
603508.SH,73.95,73.95
603515.SH,89.2,89.2
603516.SH,68.34,68.34
603517.SH,69.37,69.37
603518.SH,66.91,66.91
603519.SH,64.32,64.32
603520.SH,68.86,68.86
603527.SH,70.26,70.26
603528.SH,69.95,69.95
603533.SH,88.3,88.3
603535.SH,69.42,69.42
603536.SH,74.79,74.79
603538.SH,52.08,52.08
603555.SH,84.64,84.64
603556.SH,73.41,73.41
603557.SH,81.6712,81.6712
603558.SH,68.77,68.77
603559.SH,22.12,22.12
603566.SH,64.61,64.61
603567.SH,86.97,86.97
603568.SH,81.82,81.82
603569.SH,91.25,91.25
603577.SH,64.07,64.07
603578.SH,76.62,76.62
603579.SH,71.63,71.63
603580.SH,77.95,77.95
603583.SH,71.88,71.88
603585.SH,75.14,75.14
603586.SH,69.89,69.89
603587.SH,85.75,85.75
603588.SH,46.26,46.26
603589.SH,46.39,46.39
603590.SH,75.38,75.38
603595.SH,79.42,79.42
603596.SH,79.92,79.92
603598.SH,66.77,66.77
603599.SH,65.63,65.63
603600.SH,73.25,73.25
603601.SH,63.33,63.33
603602.SH,60.91,60.91
603603.SH,85.71,85.71
603605.SH,74.58,74.58
603606.SH,66.01,66.01
603607.SH,59.45,59.45
603608.SH,72.98,72.98
603609.SH,68.54,68.54
603611.SH,59.24,59.24
603612.SH,61.75,61.75
603615.SH,71.5,71.5
603616.SH,54.93,54.93
603617.SH,74.24,74.24
603618.SH,60.78,60.78
603619.SH,84.94,84.94
603626.SH,69.9,69.9
603628.SH,74.59,74.59
603629.SH,75.39,75.39
603630.SH,90.91,90.91
603633.SH,61.8,61.8
603636.SH,62.03,62.03
603637.SH,29.89,29.89
603638.SH,74.43,74.43
603639.SH,71.48,71.48
603648.SH,69.01,69.01
603650.SH,89.81,89.81
603655.SH,75.05,75.05
603656.SH,71.45,71.45
603657.SH,75.25,75.25
603658.SH,90.23,90.23
603659.SH,81.64,81.64
603660.SH,43.44,43.44
603661.SH,73.97,73.97
603663.SH,72.44,72.44
603665.SH,76.27,76.27
603666.SH,75.43,75.43
603667.SH,63.82,63.82
603668.SH,63.74,63.74
603669.SH,76.9,76.9
603676.SH,85.2,85.2
603677.SH,75.76,75.76
603678.SH,57.02,57.02
603679.SH,63.22,63.22
603680.SH,88.32,88.32
603681.SH,72.63,72.63
603683.SH,72.79,72.79
603685.SH,76.05,76.05
603686.SH,44.99,44.99
603688.SH,73.11,73.11
603689.SH,77.12,77.12
603690.SH,72.94,72.94
603693.SH,81.35,81.35
603696.SH,77.47,77.47
603697.SH,71.6,71.6
603698.SH,79.4,79.4
603699.SH,85.77,85.77
603700.SH,52.28,52.28
603701.SH,60.72,60.72
603703.SH,59.88,59.88
603706.SH,70.75,70.75
603707.SH,84.55,84.55
603708.SH,77.48,77.48
603709.SH,78.46,78.46
603711.SH,87.36,87.36
603712.SH,78.3,78.3
603713.SH,77.26,77.26
603716.SH,69.498,69.498
603717.SH,66.74,66.74
603718.SH,78.1685,78.1685
603721.SH,72.87,72.87
603722.SH,63.78,63.78
603725.SH,57.31,57.31
603726.SH,74.37,74.37
603727.SH,73.06,73.06
603728.SH,77.55,77.55
603729.SH,56.47,56.47
603730.SH,86.55,86.55
603733.SH,90.14,90.14
603737.SH,78.69,78.69
603738.SH,67.33,67.33
603739.SH,67.41,67.41
603757.SH,74.92,74.92
603758.SH,79.65,79.65
603766.SH,60.11,60.11
603767.SH,72.28,72.28
603768.SH,75.57,75.57
603773.SH,59.76,59.76
603776.SH,69.97,69.97
603777.SH,72.34,72.34
603778.SH,61.52,61.52
603779.SH,72.24,72.24
603787.SH,77.06,77.06
603788.SH,63.46,63.46
603789.SH,69.16,69.16
603790.SH,73.84,73.84
603797.SH,77.53,77.53
603798.SH,73.23,73.23
603799.SH,47.42,47.42
603800.SH,69.24,69.24
603801.SH,63.9,63.9
603803.SH,64.14,64.14
603806.SH,88.41,88.41
603808.SH,72.12,72.12
603809.SH,55.82,55.82
603810.SH,67.43,67.43
603811.SH,57.83,57.83
603813.SH,75.17,75.17
603816.SH,84.29,84.29
603817.SH,74.52,74.52
603818.SH,78.46,78.46
603819.SH,69.11,69.11
603822.SH,75.67,75.67
603823.SH,75.77,75.77
603825.SH,70.17,70.17
603826.SH,75.95,75.95
603828.SH,74.57,74.57
603829.SH,75.89,75.89
603833.SH,86.38,86.38
603838.SH,69.02,69.02
603839.SH,78.75,78.75
603843.SH,59.7,59.7
603848.SH,91.31,91.31
603855.SH,71.94,71.94
603856.SH,76.43,76.43
603858.SH,61.42,61.42
603859.SH,69.77,69.77
603860.SH,70.12,70.12
603861.SH,81.97,81.97
603863.SH,56.92,56.92
603866.SH,84.32,84.32
603867.SH,38.0264,38.0264
603868.SH,92.56,92.56
603869.SH,71.22,71.22
603871.SH,77.02,77.02
603876.SH,81.89,81.89
603877.SH,89.74,89.74
603878.SH,62.66,62.66
603879.SH,70.08,70.08
603880.SH,73.45,73.45
603881.SH,69.37,69.37
603882.SH,74.2,74.2
603883.SH,75.95,75.95
603885.SH,75.81,75.81
603886.SH,77.05,77.05
603887.SH,63.75,63.75
603888.SH,71.76,71.76
603889.SH,62,62
603890.SH,66.88,66.88
603895.SH,75.2,75.2
603896.SH,65.29,65.29
603897.SH,75.78,75.78
603898.SH,76.45,76.45
603899.SH,78.74,78.74
603900.SH,79.08,79.08
603901.SH,70.46,70.46
603903.SH,53.98,53.98
603906.SH,74.22,74.22
603908.SH,72.62,72.62
603909.SH,52.17,52.17
603912.SH,72.97,72.97
603915.SH,80.59,80.59
603916.SH,64.69,64.69
603917.SH,66.83,66.83
603918.SH,55.59,55.59
603919.SH,77.58,77.58
603920.SH,75.55,75.55
603922.SH,75.8,75.8
603926.SH,59.48,59.48
603928.SH,69.32,69.32
603929.SH,71.12,71.12
603933.SH,76.99,76.99
603936.SH,69.37,69.37
603937.SH,72.99,72.99
603938.SH,72.98,72.98
603939.SH,74.26,74.26
603955.SH,73.9,73.9
603956.SH,87.82,87.82
603958.SH,75.18,75.18
603959.SH,73.63,73.63
603960.SH,62.77,62.77
603963.SH,74.57,74.57
603966.SH,65.9,65.9
603967.SH,71.19,71.19
603968.SH,53.33,53.33
603969.SH,61.83,61.83
603970.SH,76.6,76.6
603976.SH,75.04,75.04
603977.SH,78.71,78.71
603978.SH,62.26,62.26
603979.SH,60.8006,60.8006
603980.SH,63.79,63.79
603982.SH,75.08,75.08
603985.SH,71.23,71.23
603986.SH,55.49,55.49
603987.SH,63.17,63.17
603988.SH,71.37,71.37
603989.SH,74.71,74.71
603990.SH,63.09,63.09
603991.SH,72.8,72.8
603993.SH,80.64,80.64
603996.SH,68.99,68.99
603997.SH,78.87,78.87
603998.SH,51.38,51.38
603999.SH,67.64,67.64
